__row,alt_name,bii,class,constell,dec,dimension,lii,name,notes,object_type,ra,vmag,vmag_uncert,__x_ra_dec,__y_ra_dec,__z_ra_dec
1,NGC 6475,-4.5212902,3600,SCO,-34.8167,80,355.8456737,M 7,,OC,268.4748,3.3,,-0.820692314733864,-0.0218518472558574,-0.570952380946327
2,NGC 6637,-10.2731749,3080,SGR,-32.3500,7,1.7225783,M 69,,GB,277.8498,7.7,,-0.836878967202072,0.11537929464998,-0.535089910782166
3,NGC 6681,-12.5107943,3080,SGR,-32.3000,8,2.8444831,M 70,,GB,280.7998,8.1,,-0.830290357820043,0.158383369786442,-0.534352533339327
4,NGC 6405,-0.7155348,3600,SCO,-32.2167,15,356.5852162,M 6,,OC,265.0248,4.2,,-0.842850583375694,-0.0733722703410911,-0.533122316216688
5,NGC 6809,-23.2733634,3080,SGR,-30.9667,19,8.7909942,M 55,,GB,294.9998,7.0,,-0.777129829218822,0.362378388120042,-0.514539728652555
6,NGC 6715,-14.0974428,3080,SGR,-30.4833,9,5.6077231,M 54,,GB,283.7748,7.7,,-0.83699113456704,0.205194504139921,-0.507287942027948
7,NGC 6266,7.3185708,3080,OPH,-30.1166,14,353.5698811,M 62,,GB,255.2998,6.6,,-0.836691322507681,-0.219504904449309,-0.501762122686684
8,NGC 5236,31.9724765,6200,HYA,-29.8666,11X10,314.5796653,M 83,,S,204.2498,7.6,:,-0.35616771294255,-0.790669395747874,-0.497982396159709
9,NGC 4590,36.0453339,3080,HYA,-26.7499,12,299.6356407,M 68,,GB,189.8748,8.2,,-0.153142795897352,-0.879749736063565,-0.45009741830056
10,NGC 6121,15.9648287,3080,SCO,-26.5333,26,350.9692185,M 4,,GB,245.8998,5.9,,-0.816688568284957,-0.365325666203569,-0.446717964767017
11,NGC 6273,9.3883966,3080,OPH,-26.2667,14,356.8659403,M 19,,GB,255.6498,7.2,,-0.868764854829136,-0.222256025852417,-0.442549303452169
12,NGC 6626,-5.5696367,3080,SGR,-24.8667,11,7.7960404,M 28,,GB,276.1248,6.9,:,-0.902109802485744,0.0968028598528204,-0.420508157570631
13,NGC 1904,-29.2898547,3080,LEP,-24.5500,9,227.2840613,M 79,,GB,81.1249,8.0,,0.89870827287334,0.140334286598041,-0.415487338283655
14,NGC 6523,-1.2015167,3500,SGR,-24.3833,90X40,5.9809983,M 8,LAGOON NEBULA,DI,270.9498,5.8,:,-0.910678636174846,0.0150980201248781,-0.412839522578727
15,NGC 6656,-7.5498561,3080,SGR,-23.9000,24,9.8967111,M 22,,GB,279.0998,5.1,,-0.902747375548629,0.144593688799871,-0.405141754327184
16,NGC 2447,0.1495137,3600,PUP,-23.8666,22,240.0587793,M 93,,OC,116.1499,6.2,:,0.820886500047255,-0.403034468484325,-0.40460915863797
17,NGC 7099,-46.8435102,3080,CAP,-23.1834,11,27.1771312,M 30,,GB,325.0998,7.5,,-0.525947103790029,0.753922622109073,-0.393675404219086
18,NGC 6514,-0.2978383,3500,SGR,-23.0333,29X27,7.0209586,M 20,TRIFID NEBULA,DI,270.6498,8.5,:,-0.920218188894194,0.0104370037001853,-0.391266601925147
19,NGC 6093,19.4648502,3080,SCO,-22.9833,9,352.6610315,M 80,,GB,244.2498,7.2,,-0.829198336961313,-0.399961066495636,-0.390462883342663
20,NGC 6531,-0.4369483,3600,SGR,-22.5000,13,7.7120967,M 21,,OC,271.1498,5.9,,-0.923693494012156,0.0185392174885668,-0.382683454743639
21,NGC 6864,-25.7503143,3080,SGR,-21.9167,6,20.3106854,M 75,,GB,301.5248,8.6,,-0.790807667193198,0.485078889657046,-0.373258227394306
22,NGC 2287,-10.2265919,3600,CMA,-20.7333,38,231.0978149,M 41,,OC,101.7499,4.5,,0.915641278381466,-0.19045144136975,-0.354018781710998
23,IC4725,-4.4562027,3600,SGR,-19.2500,32,13.5636638,M 25,,OC,277.8998,4.6,,-0.935129465810777,0.129756930309319,-0.329690796367071
24,NGC 6494,2.8728627,3600,SGR,-19.0167,27,9.8346853,M 23,,OC,269.1998,5.5,,-0.945331639321065,-0.0132031631259327,-0.325843165007367
25,NGC 6333,10.7040687,3080,OPH,-18.5167,9,5.5446351,M 9,,GB,259.7998,7.9,:,-0.933244633587366,-0.167920231573194,-0.317580304346455
26,,-1.0222274,9999,SGR,-18.4833,90,12.6199424,M 24,A LOCALIZED BRIGHTENING OF THE MILKY WAY,,274.2248,4.5,:,-0.945838717312628,0.0698700049723473,-0.317028868145422
27,NGC 6613,-1.0122413,3600,SGR,-17.1333,9,14.1473556,M 18,,OC,274.9748,6.9,,-0.95202183687777,0.0828695712789557,-0.294596429482639
28,NGC 6618,-0.7545101,3500,SGR,-16.1833,46X37,15.086903,M 17,OMEGA NEBULA,DI,275.1998,7.0,*,-0.956422520202934,0.0870382862421386,-0.278711857617685
29,NGC 2437,4.0682799,3600,PUP,-14.8166,27,231.8674404,M 46,,OC,115.4499,6.1,,0.87293747094711,-0.415432459609612,-0.255726501010693
30,NGC 2422,3.1257823,3600,PUP,-14.5000,30,230.9747477,M 47,ID WITH NGC 2422 IS POST-MESSIER,OC,114.1499,4.4,,0.883414025983162,-0.39609309859319,-0.250379543779172
31,NGC 6611,0.8042794,3600,SER,-13.7833,7,16.9746646,M 16,,OC,274.6998,6.0,,-0.967938062699121,0.0795760312520857,-0.238251048326005
32,NGC 6171,23.0187411,3080,OPH,-13.0500,10,3.3716756,M 107,,GB,248.1248,8.1,,-0.904030843880264,-0.362963099067416,-0.22580084594287
33,NGC 6994,-33.9317105,9999,AQR,-12.6334,,35.7124402,M 73,AN ASTERISM CONSISTING OF ONLY FOUR STARS,,314.7248,,,-0.693293131536581,0.686665709414065,-0.218711767582542
34,NGC 6981,-32.6901452,3080,AQR,-12.5334,6,35.1712783,M 72,,GB,313.3748,9.4,,-0.709554771897636,0.670402420036459,-0.217008342896196
35,NGC 4594,51.1558287,6200,VIR,-11.6166,9X4,298.4637723,M 104,SOMBRERO GALAXY,S,189.9998,8.3,,-0.170088637933312,-0.964636359237401,-0.20136173837947
36,NGC 6694,-2.899299,3600,SCT,-9.4000,15,23.8525904,M 26,,OC,281.2998,8.0,,-0.967447654980263,0.193312160966804,-0.163326186802776
37,NGC 2323,-1.1981808,3600,MON,-8.3333,16,221.6844302,M 50,,OC,105.7999,5.9,,0.952059289967935,-0.269402960769639,-0.144931546304815
38,NGC 6705,-2.778286,3600,SCT,-6.2667,14,27.3119467,M 11,,OC,282.7748,5.8,,-0.969419079725318,0.219798892414303,-0.109156285929689
39,NGC 2548,15.3857775,3600,HYA,-5.8000,54,227.9281795,M 48,ID WITH NGC 2548 IS POST-MESSIER,OC,123.4498,5.8,,0.830097301559645,-0.548385105106149,-0.101055660114186
40,NGC 1976,-19.3833119,3500,ORI,-5.4500,66X60,209.0828118,M 42,GREAT NEBULA IN ORION,DI,83.8498,4.0,*,0.989750016721388,0.106650069332306,-0.0949771925855172
41,NGC 1982,-19.2559716,3500,ORI,-5.2667,20X15,208.9334253,M 43,,DI,83.8998,9.0,*,0.990139824598984,0.105818078117854,-0.0917914052977552
42,NGC 6254,23.0867839,3080,OPH,-4.1000,15,15.1301515,M 10,,GB,254.2748,6.6,,-0.960109402291094,-0.270329606009102,-0.0714971310417513
43,NGC 6402,14.8028608,3080,OPH,-3.2500,12,21.3199251,M 14,,GB,264.3998,7.6,,-0.993626477675952,-0.0974287615522454,-0.056692673985938
44,NGC 6218,26.3201003,3080,OPH,-1.9500,14,15.7085597,M 12,,GB,251.7998,6.6,,-0.949421066210086,-0.31215669648217,-0.0340269874928951
45,NGC 7089,-35.776606,3080,AQR,-0.8167,13,53.3861842,M 2,,GB,323.3748,6.5,,-0.596516722981655,0.802474064062057,-0.0142539717606512
46,NGC 1068,-51.9325646,6200,CET,-0.0167,7X6,172.1140082,M 77,,S,40.6748,8.8,,0.651765430573693,0.75842055508797,-0.000291768990102882
47,NGC 2068,-14.3395022,3500,ORI,0.0500,8X6,205.3476504,M 78,,DI,86.6748,8.0,*,0.998316064888072,0.0580023547801501,0.0008725974750081
48,NGC 5904,46.7886896,3080,SER,2.0834,17,3.8720916,M 5,,GB,229.6498,5.8,,-0.761598086127288,-0.647029179364397,0.0363537653935199
49,NGC 4303,66.2679741,6200,VIR,4.4667,6X5,284.3670852,M 61,,S,185.4748,9.7,,-0.0951189027872217,-0.992414762332297,0.0778802531935159
50,NGC 4472,70.1969214,6300,VIR,8.0001,9X7,286.9371459,M 49,,E,187.4498,8.4,,-0.128396385923757,-0.981908803526391,0.139174242010111
51,NGC 4649,74.3160898,6300,VIR,11.5501,7X6,295.9050967,M 60,,E,190.9248,8.8,,-0.185683447970626,-0.961993741130541,0.200224122361431
52,NGC 4621,74.3638958,6300,VIR,11.6501,5X3,294.3287645,M 59,,E,190.4998,9.8,,-0.178478714120407,-0.962999526190703,0.201933803912093
53,NGC 3351,56.3740343,6200,LEO,11.7001,7X5,233.9663007,M 95,,S,160.9998,9.7,,0.318806312474846,-0.925872243465886,0.202788372215072
54,NGC 2682,31.7033419,3600,CNC,11.8167,30,215.5698136,M 67,,OC,132.5998,6.9,,0.720499434980355,-0.66252930423543,0.2047815548879
55,NGC 3368,57.016566,6200,LEO,11.8167,7X5,234.4495889,M 96,,S,161.6998,9.2,,0.307340846395622,-0.929304036602522,0.204781863677136
56,NGC 4579,74.352564,6200,VIR,11.8167,5X4,290.3758736,M 58,,S,189.4248,9.8,,-0.160283417155582,-0.965594944622148,0.204781906195546
57,NGC 7078,-27.3181943,3080,PEG,12.1666,12,65.0173153,M 15,,GB,322.4999,6.4,,-0.595089973677174,0.77553217827602,0.210755222206597
58,NGC 4486,74.4979339,6300,VIR,12.4001,7,283.7476422,M 87,,E,187.6998,8.6,,-0.130857925454891,-0.967865930601554,0.214736451787836
59,NGC 4552,74.9627813,6300,VIR,12.5501,4,287.9721447,M 89,,E,188.9248,9.8,,-0.151431967243401,-0.964288479521191,0.217292631167059
60,NGC 3379,57.6282519,6300,LEO,12.5834,4X4,233.4812242,M 105,,E,161.9498,9.3,,0.302406921080635,-0.927947675201607,0.217860428188472
61,NGC 4374,74.4785396,6300,VIR,12.8834,5X4,278.2418156,M 84,,E,186.2748,9.3,,-0.10654641407926,-0.968985692791632,0.222967685577916
62,NGC 4406,74.6409379,6300,VIR,12.9501,7X6,279.0810303,M 86,,E,186.5498,9.2,,-0.111166301166936,-0.968204750442552,0.224101795408553
63,NGC 3627,64.4040268,6200,LEO,12.9834,9X4,241.9592707,M 66,,S,170.0498,9.0,,0.168374079801131,-0.959778168285408,0.224668727093536
64,NGC 3623,64.2101984,6200,LEO,13.0834,10X3,241.3374189,M 65,,S,169.7248,9.3,,0.173745308194077,-0.958420367765599,0.226369093589649
65,NGC 4569,75.6248369,6200,VIR,13.1667,10X5,288.4356548,M 90,,S,189.1998,9.5,,-0.155675515722523,-0.961186183728774,0.227785543907954
66,NGC 4501,76.5053936,6200,COM,14.4167,7X4,282.3480014,M 88,,S,187.9998,9.5,,-0.134788008461505,-0.959085380560698,0.248972740615758
67,NGC 4254,75.1868204,6200,COM,14.4167,5,270.4088418,M 99,,S,184.6998,9.8,,-0.0793556680064841,-0.965253981300999,0.248972748584692
68,NGC 4548,76.8305109,6200,COM,14.5001,5X4,285.6476567,M 91,ID WITH NGC 4548 IS POST-MESSIER,S,188.8498,10.2,,-0.148945114970184,-0.956621476663364,0.250381115727452
69,NGC 4192,74.9588936,6200,COM,14.9001,10X3,265.4294918,M 98,,S,183.4498,10.1,,-0.0581514217554962,-0.964624570699018,0.257133914043926
70,NGC 628,-45.7052785,6200,PSC,15.7833,10X9,138.6185225,M 74,,S,24.1748,9.2,,0.394082335826006,0.877904028865744,0.271999317446228
71,NGC 4321,76.8922605,6200,COM,15.8167,7X6,271.1350938,M 100,,S,185.7248,9.4,,-0.0959744709168893,-0.957339682835694,0.272561245594959
72,NGC 5024,79.7651201,3080,COM,18.1667,13,332.9351132,M 53,,GB,198.2248,7.7,,-0.29715747551788,-0.902490245764539,0.311783243686544
73,NGC 4382,79.2306615,6300,COM,18.1834,7X5,267.7340527,M 85,,E,186.3498,9.2,,-0.105075933007731,-0.944233981887552,0.312059666973054
74,NGC 6838,-4.5675608,3080,SGE,18.7833,7,56.7525678,M 71,,GB,298.4499,8.3,,-0.832409067398475,0.451018537227612,0.321989788021089
75,NGC 2632,32.5274471,3600,CNC,19.9834,95,205.5383003,M 44,PRAESEPE OR BEEHIVE CLUSTER,OC,130.0248,3.1,,0.719660510230832,-0.604398383811711,0.341747485228626
76,NGC 4826,84.4249817,6200,COM,21.6834,9X5,315.618726,M 64,BLACK-EYE GALAXY,S,194.1748,8.5,,-0.227553889062127,-0.900947053839587,0.369477514539749
77,NGC 1952,-5.7894132,3500,TAU,22.0167,6X4,184.5516527,M 1,CRAB NEBULA = SN 1054,DI,83.6248,8.4,:,0.921341960902673,0.102941013719941,0.374876164585492
78,NGC 6853,-3.6975619,3560,VUL,22.7166,8X4,60.8316025,M 27,DUMBBELL NEBULA,PL,299.8999,8.1,:,-0.79964919211332,0.459816191153478,0.38617384673955
79,,-23.5210791,3600,TAU,24.1166,110,166.5707638,M 45,PLEIADES OR SEVEN SISTERS CLUSTER,OC,56.7498,1.2,,0.763289842109178,0.50043822849614,0.408595394482844
80,NGC 2168,2.1913702,3600,GEM,24.3333,28,186.5910049,M 35,,OC,92.2248,5.1,,0.910476857921207,-0.0353718654332838,0.412044563519162
81,NGC 5272,78.7049754,3080,CVN,28.3834,16,42.2473562,M 3,,GB,205.5499,6.4,,-0.379448659778936,-0.793752359160404,0.475369232196682
82,NGC 6779,8.3348226,3080,LYR,30.1833,7,62.6600357,M 56,,GB,289.1499,8.2,,-0.816587399239581,0.283565104170395,0.502768188233871
83,NGC 598,-31.3385075,6200,TRI,30.6499,62X39,133.6253993,M 33,,S,23.4748,5.7,,0.342696375697191,0.789095607922701,0.509791443279614
84,NGC 2099,3.107943,3600,AUR,32.5500,24,177.64904,M 37,,OC,88.0998,5.6,,0.84245873987042,0.0279501756246225,0.538035369932588
85,NGC 6720,13.9767647,3560,LYR,33.0333,1,63.175395,M 57,RING NEBULA IN LYRA,PL,283.3999,9.0,:,-0.815530664567524,0.194285064885006,0.545126635482694
86,NGC 1960,1.0336442,3600,AUR,34.1333,12,174.5178885,M 36,,OC,84.0248,6.0,,0.82323705045606,0.0861654931430087,0.561120545469357
87,NGC 1912,0.6925367,3600,AUR,35.8333,21,172.2658237,M 38,,OC,82.1748,6.4,,0.803174036420164,0.110381135694223,0.585429305811893
88,NGC 6205,40.9110139,3080,HER,36.4667,17,59.0166972,M 13,HERCULES CLUSTER,GB,250.4249,5.9,,-0.757722118051165,-0.269441884260443,0.59435533380482
89,NGC 6913,0.6158323,3600,CYG,38.5333,7,76.9200105,M 29,,OC,305.9749,6.6,,-0.633052022179151,0.459515383384179,0.622969300726912
90,NGC 221,-21.9748624,6300,AND,40.8666,8X6,121.1507834,M 32,,E,10.6748,8.2,,0.140081165175796,0.743147794580906,0.654300101308663
91,NGC 4736,76.0111487,6200,CVN,41.1167,11X9,123.3505772,M 94,,S,192.7249,8.1,,-0.165944648785483,-0.734867898333895,0.657595274874893
92,NGC 224,-21.5751294,6200,AND,41.2666,178X63,121.1665173,M 31,ANDROMEDA GALAXY,S,10.6748,3.4,,0.139231626063011,0.738640894693731,0.659563630736181
93,NGC 205,-21.1410658,6300,AND,41.6833,17X10,120.7227618,M 110,,E?,10.0998,8.0,,0.130967403216203,0.735259275330825,0.665012283596923
94,NGC 5055,74.2852053,6200,CVN,42.0334,12X8,106.0161102,M 63,,S,198.9499,8.6,,-0.241202621918572,-0.702499686472904,0.669563653198916
95,NGC 1039,-15.6002816,3600,PER,42.7833,35,143.6340801,M 34,,OC,40.4998,5.2,,0.476646229503171,0.558084931697335,0.679227193884927
96,NGC 6341,34.8627186,3080,HER,43.1333,11,68.3346834,M 92,,GB,259.2749,6.5,,-0.717016512274827,-0.135806979533294,0.68369860716202
97,NGC 5194-5,68.5548309,6200,CVN,47.2001,11X8,104.8473945,M 51,WHIRLPOOL GALAXY,S,202.4749,8.1,,-0.259735281141137,-0.627835169380673,0.733730593487334
98,NGC 4258,68.8482577,6200,CVN,47.3001,18X8,138.305544,M 106,,S,184.7498,8.3,,-0.0561553267313765,-0.675829833269334,0.734915379987952
99,NGC 7092,-2.287215,3600,CYG,48.4333,32,92.4513795,M 39,,OC,323.0499,4.6,,-0.39883777318027,0.530235538033361,0.748183603730445
100,NGC 650-1,-10.5102761,3560,PER,51.5666,2X1,130.9466009,M 76,LITTLE DUMBBELL NEBULA,PL,25.5998,11.5,:,0.268584521994198,0.56058400164248,0.783331303885943
101,NGC 3992,61.9154891,6200,UMA,53.3834,8X5,140.0831661,M 109,,S,179.3998,9.8,,0.00624762935115303,-0.596424725314577,0.802644699827341
102,NGC 5457,59.7710892,6200,UMA,54.3501,27X26,102.0405571,M 101,,S,210.7999,7.7,,-0.29843374939825,-0.500629460559336,0.812593034944412
103,NGC 3587,57.0522216,3560,UMA,55.0167,3,148.4913786,M 97,OWL NEBULA,PL,168.6998,11.2,:,0.112344943550224,-0.562222514186403,0.819319509227393
104,NGC 3556,56.2557465,6200,UMA,55.6667,8X2,148.3264242,M 108,,S,167.8748,10.0,,0.118468378128986,-0.551423233641294,0.825770949346165
105,,58.6273364,9999,UMA,58.0834,,130.3045835,M 40,"WINNECKE 4, A DOUBLE STAR OF 50 ARCSEC SEPARATION",,185.5999,8.0,*,-0.0515891918664408,-0.5261612201879,0.848818546953911
106,NGC 581,-1.7583285,3600,CAS,60.6999,6,128.022256,M 103,,OC,23.2998,7.4,:,0.193571792088364,0.449473087870529,0.872068749920458
107,NGC 7654,0.4485544,3600,CAS,61.5833,13,112.7482663,M 52,,OC,351.0499,6.9,,-0.0740351372503718,0.470086798529979,0.879509636274756
108,NGC 3031,40.9027487,6200,UMA,69.0667,26X14,142.0870863,M 81,,S,148.8998,6.8,,0.184548613627559,-0.305926739558975,0.933997130204885
109,NGC 3034,40.5596785,6600,UMA,69.6834,11X5,141.410461,M 82,,IR,148.9497,8.4,,0.179086046133811,-0.297457985486419,0.937788320971486
