identifier,ra_deg,dec_deg,galactic_longitude_deg,galactic_latitude_deg,major_axis_arcmin,minor_axis_arcmin,morphology,flux_1ghz_jy,flux_limit_flag,flux_uncertain,spectral_index,spectral_index_flag,alternate_names
G000.0+00.0,266.4333333333333,-29.0,359.9584396250501,-0.054415011906850747,3.5,2.5,S,100.0,,?,0.800000011920929,?,Sgr A East
G000.3+00.0,266.56249999999994,-28.633333333333333,0.33044322596007025,0.03974179414592459,15.0,8.0,S,22.0,,,0.6000000238418579,,
G000.9+00.1,266.8375,-28.15,0.8691458047680222,0.08375036818311367,8.0,8.0,C,18.0,,?,nan,v,
G001.0-00.1,267.125,-28.15,1.0001828055611084,-0.1332475649742209,8.0,8.0,S,15.0,,,0.6000000238418579,?,
G001.4-00.1,267.41249999999997,-27.766666666666666,1.4595531406403204,-0.15355810009709484,10.0,10.0,S,2.0,,?,nan,?,
G001.9+00.3,267.18749999999994,-27.166666666666668,1.8712283023262677,0.3264205842165502,1.5,1.5,S,0.6000000238418579,,,0.6000000238418579,,
G003.1-00.6,268.875,-26.583333333333332,3.1403492576770615,-0.6712508910913423,52.0,28.0,S,5.0,,,0.8999999761581421,?,
G003.7-00.2,268.8583333333333,-25.833333333333332,3.7805413481852304,-0.2802169702720403,14.0,11.0,S,2.299999952316284,,,0.6499999761581421,,
G003.8+00.3,268.2291666666667,-25.466666666666665,3.809578597363126,0.39452412622623073,18.0,18.0,S?,3.0,,?,0.6000000238418579,,
G004.2-03.5,272.22916666666663,-27.05,4.210480837328661,-3.505758822720176,28.0,28.0,S,3.200000047683716,,?,0.6000000238418579,?,
G004.5+06.8,262.67499999999995,-21.483333333333334,4.526294868344136,6.820243110241319,3.0,3.0,S,19.0,,,0.6399999856948853,,"Kepler, SN1604, 3C358"
G004.8+06.2,263.35416666666663,-21.566666666666666,4.798088121591682,6.243008506471014,18.0,18.0,S,3.0,,,0.6000000238418579,,
G005.2-02.6,271.87499999999994,-25.75,5.196664265400053,-2.599751594700484,18.0,18.0,S,2.5999999046325684,,?,0.6000000238418579,?,
G005.4-01.2,270.54166666666663,-24.9,5.348362632965517,-1.1327986630001337,35.0,35.0,C?,35.0,,?,0.20000000298023224,?,Milne 56
G005.5+00.3,269.26666666666665,-24.0,5.551369231885578,0.32180558316300756,15.0,12.0,S,5.5,,,0.699999988079071,,
G005.9+03.1,266.8333333333333,-22.266666666666666,5.905003543577572,3.1300104758177376,20.0,20.0,S,3.299999952316284,,?,0.4000000059604645,?,
G006.1+00.5,269.3708333333333,-23.416666666666668,6.103939473145006,0.5317044508727534,18.0,12.0,S,4.5,,,0.8999999761581421,,
G006.1+01.2,268.72916666666663,-23.083333333333332,6.095590342955044,1.2089175667340424,30.0,26.0,F,4.0,,?,0.30000001192092896,?,
G006.4-00.1,270.12499999999994,-23.433333333333334,6.4345809936863825,-0.07643397030709485,48.0,48.0,C,310.0,,,nan,v,W28
G006.4+04.0,266.29166666666663,-21.366666666666667,6.416264670450992,4.025838016285667,31.0,31.0,S,1.2999999523162842,,?,0.4000000059604645,?,
G006.5-00.4,270.5458333333333,-23.566666666666666,6.509822961873644,-0.47775417483954774,18.0,18.0,S,27.0,,,0.6000000238418579,,
G007.0-00.1,270.4583333333333,-22.9,7.049686368867736,-0.07842382811859504,15.0,15.0,S,2.5,,?,0.5,?,
G007.2+00.2,270.2791666666666,-22.633333333333333,7.199630953792749,0.1971142702198407,12.0,12.0,S,2.799999952316284,,,0.6000000238418579,,
G007.5-01.7,272.5,-23.166666666666668,7.73480233529382,-1.8481961609420408,100.0,100.0,S,18.0,,?,0.699999988079071,?,
G007.7-03.7,274.35416666666663,-24.066666666666666,7.753695005297443,-3.7706114082884343,22.0,22.0,S,11.0,,,0.3199999928474426,,1814-24
G008.7-05.0,276.0416666666666,-23.8,8.711634724734568,-5.010715009977953,26.0,26.0,S,4.400000095367432,,,0.30000001192092896,,
G008.7-00.1,271.37499999999994,-21.433333333333334,8.744205781148755,-0.09628746998982324,45.0,45.0,S?,80.0,,,0.5,,(W30)
G008.9+00.4,270.9916666666667,-21.05,8.903146168707103,0.4030501384096523,24.0,24.0,S,9.0,,,0.6000000238418579,,
G009.7-00.0,271.84166666666664,-20.583333333333332,9.698719228886535,-0.06181154270194746,15.0,11.0,S,3.700000047683716,,,0.6000000238418579,,
G009.8+00.6,271.2833333333333,-20.233333333333334,9.748736158624727,0.565744576895567,12.0,12.0,S,3.9000000953674316,,,0.5,,
G009.9-00.8,272.6708333333333,-20.716666666666665,9.957972408314465,-0.8051694044441962,12.0,12.0,S,6.699999809265137,,,0.4000000059604645,,
G011.0-00.0,272.51666666666665,-19.416666666666668,11.026611851352188,-0.05081006879661475,11.0,9.0,S,1.2999999523162842,,,0.6000000238418579,,
G011.1-00.7,273.1916666666666,-19.633333333333333,11.143004774178936,-0.7127221343553186,11.0,7.0,S,1.0,,,0.699999988079071,,
G011.1+00.1,272.44583333333327,-19.2,11.183976643105206,0.11243696406836774,12.0,10.0,S,2.299999952316284,,,0.4000000059604645,,
G011.2-00.3,272.86249999999995,-19.416666666666668,11.183919815247176,-0.3365332272032244,4.0,4.0,C,22.0,,,0.5,,
G011.4-00.1,272.6958333333333,-19.083333333333332,11.400188483283195,-0.03804046477283473,8.0,8.0,S?,6.0,,,0.5,,
G011.8-00.2,273.1041666666666,-18.733333333333334,11.892902112482906,-0.2082190821040572,4.0,4.0,S,0.699999988079071,,,0.30000001192092896,,
G012.0-00.1,273.0458333333333,-18.616666666666667,11.96867609580134,-0.10370422366940084,7.0,7.0,?,3.5,,,0.699999988079071,,
G012.2+00.3,272.8208333333333,-18.166666666666668,12.260460568368535,0.2999633725510367,6.0,5.0,S,0.800000011920929,,,0.699999988079071,,
G012.5+00.2,273.0583333333333,-17.916666666666668,12.588269411557997,0.22225047603362708,6.0,5.0,C?,0.6000000238418579,,,0.4000000059604645,,
G012.7-00.0,273.3291666666666,-17.9,12.726552869155112,0.004143389669509872,6.0,6.0,S,0.800000011920929,,,0.800000011920929,,
G012.8-00.0,273.4041666666666,-17.816666666666666,12.833898827203651,-0.018600757654861886,3.0,3.0,C?,0.800000011920929,,,0.5,,
G013.1-00.5,273.99999999999994,-17.816666666666666,13.104744880405601,-0.5170234624559772,38.0,28.0,S,11.0,,?,0.6000000238418579,?,
G013.3-01.3,274.8333333333333,-18.0,13.31932335807836,-1.302109615946061,70.0,40.0,S?,nan,,?,nan,?,
G013.5+00.2,273.5583333333333,-17.2,13.445739621133914,0.1473670753139148,5.0,4.0,S,3.5,,?,1.0,?,
G014.1-00.1,274.16666666666663,-16.683333333333334,14.177347362235745,-0.1178463740805582,6.0,5.0,S,0.5,,,0.6000000238418579,,
G015.1-01.6,275.99999999999994,-16.566666666666666,15.10855110589376,-1.612060371923528,30.0,24.0,S?,5.5,,?,0.0,?,
G015.4+00.1,274.50833333333327,-15.45,15.418723854036484,0.1786144621053201,15.0,14.0,C?,5.599999904632568,,,0.6200000047683716,,
G015.5-00.1,274.85416666666663,-15.533333333333333,15.503026453050243,-0.15441060434155482,9.0,8.0,?,1.2000000476837158,,?,0.550000011920929,?,
G015.9+00.2,274.71666666666664,-15.033333333333333,15.880899349269328,0.19886695799297213,7.0,5.0,S?,5.0,,,0.6299999952316284,,
G016.0-00.5,275.4833333333333,-15.233333333333333,16.053511744565707,-0.5480747347893001,15.0,10.0,S,2.700000047683716,,,0.6000000238418579,,
G016.2-02.7,277.4166666666667,-16.133333333333333,16.124680753158902,-2.614345279922127,17.0,17.0,S,2.5,,,0.4000000059604645,,
G016.7+00.1,275.2333333333333,-14.333333333333334,16.733927116009745,0.08869552329400913,4.0,4.0,C,3.0,,,0.6000000238418579,,
G017.0-00.0,275.4875,-14.133333333333333,17.026327947454288,-0.034581129591036396,5.0,5.0,S,0.5,,,0.5,,
G017.4-02.3,277.72916666666663,-14.866666666666667,17.388439159701598,-2.2965839553053637,24.0,24.0,S,5.0,,,0.5,?,
G017.4-00.1,275.7833333333333,-13.766666666666667,17.484868870209336,-0.11591881459182594,6.0,6.0,S,0.4000000059604645,,,0.699999988079071,,
G017.8-02.6,278.2083333333333,-14.65,17.794582165589826,-2.6080247191610155,24.0,24.0,S,5.0,,,0.5,,
G017.8+16.7,261.0416666666666,-5.166666666666667,17.863627555417867,16.759981450233308,51.0,45.0,S?,2.700000047683716,,,0.800000011920929,,
G018.1-00.1,276.1416666666666,-13.183333333333334,18.163474992081508,-0.15060919169616474,8.0,8.0,S,4.599999904632568,,,0.5,,
G018.6-00.2,276.4791666666667,-12.833333333333334,18.62655534325817,-0.2778658566221881,6.0,6.0,S,1.399999976158142,,,0.4000000059604645,,
G018.8+00.3,275.9916666666666,-12.383333333333333,18.80201875646424,0.3530412815600959,17.0,11.0,S,33.0,,,0.46000000834465027,,Kes 67
G018.9-01.1,277.4583333333333,-12.966666666666667,18.952269231840678,-1.1848873384638834,33.0,33.0,C?,37.0,,,0.38999998569488525,,
G019.1+00.2,276.23333333333323,-12.116666666666667,19.148190037749686,0.2690560951823022,27.0,27.0,S,10.0,,,0.5,,
G020.0-00.2,277.0291666666666,-11.583333333333334,19.983081513158037,-0.17144629382041227,10.0,10.0,F,10.0,,,0.10000000149011612,,
G021.0-00.4,277.79999999999995,-10.783333333333333,21.042545302248232,-0.4704389661008202,9.0,7.0,S,1.100000023841858,,,0.6000000238418579,,
G021.5-00.9,278.38749999999993,-10.583333333333334,21.48659011223266,-0.8901376775851102,5.0,5.0,C,7.0,,,nan,v,
G021.6-00.8,278.4166666666667,-10.416666666666666,21.64772883256551,-0.8387524182533053,13.0,13.0,S,1.399999976158142,,,0.5,?,
G021.8-03.0,280.4583333333333,-11.266666666666667,21.810801659593274,-3.010564655053995,60.0,60.0,S,5.0,,,0.699999988079071,,
G021.8-00.6,278.1875,-10.133333333333333,21.795100097913036,-0.5079823260923003,20.0,20.0,S,65.0,,,0.5600000023841858,,Kes 69
G022.7-00.2,278.3125,-9.216666666666667,22.665186836060922,-0.19423003018336124,26.0,26.0,S?,33.0,,,0.6000000238418579,,
G023.3-00.3,278.68749999999994,-8.8,23.205678738503497,-0.33084101951437667,27.0,27.0,S,70.0,,,0.5,,W41
G024.7-00.6,279.6791666666666,-7.533333333333333,24.78179989099268,-0.620633336341864,15.0,15.0,S?,8.0,,,0.5,,
G024.7+00.6,278.54166666666663,-7.083333333333333,24.662801561232843,0.5882092977636435,30.0,15.0,C?,20.0,,?,0.20000000298023224,?,
G025.1-02.3,281.29166666666663,-8.0,25.096836356378706,-2.2550297731129567,80.0,30.0,S,8.0,,,0.5,?,
G027.4+00.0,280.32916666666665,-4.933333333333334,27.388965227390862,-0.0038665269073203446,4.0,4.0,S,6.0,,,0.6800000071525574,,4C-04.71
G027.8+00.6,279.95833333333326,-4.4,27.693861677713215,0.5689263902748509,50.0,30.0,F,30.0,,,nan,v,
G028.3+00.2,280.62499999999994,-3.966666666666667,28.38347395474125,0.17610091967935057,10.0,10.0,S,1.2999999523162842,,?,0.699999988079071,?,
G028.6-00.1,280.97916666666663,-3.8833333333333333,28.619102823061095,-0.10006913133347117,13.0,9.0,S,3.0,,?,nan,?,
G028.7-00.4,281.37499999999994,-3.9,28.78464305713533,-0.45900816669014755,9.0,9.0,S,0.8999999761581421,,?,0.800000011920929,?,
G028.8+01.5,279.74999999999994,-2.9166666666666665,28.91736885301184,1.4332278190533754,100.0,100.0,S?,nan,,?,0.4000000059604645,?,
G029.3+00.1,281.15,-3.1,29.393815754344406,0.10610301580318357,10.0,10.0,C?,2.5,,?,nan,?,
G029.6+00.1,281.21666666666664,-2.95,29.557663167723856,0.11538688670342656,5.0,5.0,S,0.5,,?,0.5,?,
G029.7-00.3,281.6041666666666,-2.9833333333333334,29.70467818994092,-0.2441292210344597,3.0,3.0,C,9.0,,,0.699999988079071,,Kes 75
G030.7-02.0,283.6041666666666,-2.9,30.689266555154152,-1.9840817574670475,16.0,16.0,?,0.5,,?,0.699999988079071,?,
G030.7+01.0,281.0,-1.5333333333333332,30.719143023500337,0.9549826583078062,24.0,18.0,S?,6.0,,,0.4000000059604645,,
G031.5-00.6,282.79166666666663,-1.5166666666666666,31.55114024370882,-0.6311774276905494,18.0,18.0,S?,2.0,,?,nan,?,
G031.9+00.0,282.35416666666663,-0.9166666666666666,31.885698096345784,0.03169025012353873,7.0,5.0,S,25.0,,,nan,v,3C391
G032.0-04.9,286.5,-3.0,31.916477837047204,-4.605689151764497,60.0,60.0,S?,22.0,,?,0.5,?,3C396.1
G032.1-00.9,283.29166666666663,-1.1333333333333333,32.12024096690254,-0.9013490910370033,40.0,40.0,C?,4.0,,?,0.699999988079071,?,
G032.4+00.1,282.5208333333333,-0.4166666666666667,32.40668035638637,0.11138838398147435,6.0,6.0,S,0.800000011920929,,?,0.20000000298023224,?,
G032.8-00.1,282.85416666666663,-0.13333333333333333,32.810838311145964,-0.05607087906117892,22.0,15.0,S?,12.0,,,0.30000001192092896,,Kes 78
G033.2-00.6,283.4583333333333,-0.03333333333333333,33.175334229138905,-0.5481722231415032,18.0,18.0,S,3.0,,,0.30000001192092896,,
G033.6+00.1,283.19999999999993,0.6833333333333333,33.695352560620194,0.008544279416785287,10.0,10.0,S,20.0,,,0.5099999904632568,,"Kes 79, 4C00.70, HC13"
G034.7-00.4,283.99999999999994,1.3666666666666667,34.6683106173818,-0.39157956581620806,35.0,27.0,C,240.0,,,0.3700000047683716,,"W44, 3C392"
G035.6-00.4,284.47916666666663,2.216666666666667,35.643228974747565,-0.429725211403276,15.0,11.0,S?,9.0,,,nan,v,
G036.6-00.7,285.1458333333333,2.9333333333333336,36.585058377750215,-0.6946723777766846,25.0,25.0,S?,1.0,,,0.699999988079071,?,
G036.6+02.6,282.20416666666665,4.433333333333334,36.58192085982973,2.6018673007879194,17.0,13.0,S,0.699999988079071,,?,0.5,?,
G038.7-01.3,286.6666666666667,4.466666666666667,38.64366793513363,-1.3410333116563589,32.0,19.0,S,nan,,?,nan,?,
G039.2-00.3,286.0333333333333,5.466666666666667,39.24257344720611,-0.32147880331956735,8.0,6.0,C,18.0,,,0.3400000035762787,,"3C396, HC24, NRAO 593"
G039.7-02.0,288.0833333333333,4.916666666666667,39.6938139656962,-2.387167837154075,120.0,60.0,?,85.0,,?,0.699999988079071,?,"W50, SS433"
G040.5-00.5,286.79166666666663,6.516666666666667,40.521692013399225,-0.5091756179941743,22.0,22.0,S,11.0,,,0.4000000059604645,,
G041.1-00.3,286.89166666666665,7.133333333333334,41.114907450068046,-0.3135985622497587,4.5,2.5,S,25.0,,,0.5,,3C397
G041.5+00.4,286.4583333333333,7.766666666666667,41.47975418763975,0.3591706357901474,10.0,10.0,S?,1.0,,?,nan,?,
G042.0-00.1,287.04166666666663,8.0,41.95271790996743,-0.04657353434194407,8.0,8.0,S?,0.5,,?,nan,?,
G042.8+00.6,286.8333333333333,9.083333333333334,42.81962928920996,0.6350043266935138,24.0,24.0,S,3.0,,?,0.5,?,
G043.3-00.2,287.7833333333333,9.1,43.26703384493142,-0.18966456355797356,4.0,3.0,S,38.0,,,0.46000000834465027,,W49B
G043.9+01.6,286.4583333333333,10.5,43.90840847142399,1.6140548776138939,60.0,60.0,S?,9.0,,,0.5,,
G045.7-00.4,289.1041666666666,11.15,45.68634771833104,-0.3898171823713327,22.0,22.0,S,4.199999809265137,,?,0.4000000059604645,?,
G046.8-00.3,289.54166666666663,12.15,46.77074221640632,-0.3019099859216841,15.0,15.0,S,16.0,,,0.5400000214576721,,(HC30)
G049.2-00.7,290.9583333333333,14.1,49.14046036760585,-0.6028074233656264,30.0,30.0,S?,160.0,,?,0.30000001192092896,?,(W51)
G053.4+00.0,292.48749999999995,18.166666666666668,53.41586314764887,0.04216873653562379,10.0,10.0,S,1.5,,,0.6000000238418579,?,
G053.6-02.2,294.7083333333333,17.233333333333334,53.6255280872605,-2.260696785152392,33.0,28.0,S,8.0,,,0.5,,"3C400.2, NRAO 611"
G054.1+00.3,292.62916666666666,18.866666666666667,54.094434148481625,0.26032041250151544,12.0,12.0,C?,0.5,,,0.10000000149011612,,
G054.4-00.3,293.3333333333333,18.933333333333334,54.47399717106378,-0.29122435314480727,40.0,40.0,S,28.0,,,0.5,,(HC40)
G055.0+00.3,293.0,19.833333333333332,55.11020246528953,0.41878835127943576,20.0,15.0,S,0.5,,?,0.5,?,
G055.7+03.4,290.3333333333333,21.733333333333334,55.59874328135082,3.5149918723356897,23.0,23.0,S,1.0,,?,0.30000001192092896,?,
G057.2+00.8,293.74583333333334,21.95,57.299815222765965,0.8334165973125657,12.0,12.0,S?,1.7999999523162842,,,0.3499999940395355,,(4C21.53)
G059.5+00.1,295.63749999999993,23.583333333333332,59.579299428825955,0.11625235900408315,15.0,15.0,S,3.0,,?,nan,?,
G063.7+01.1,296.96666666666664,27.75,63.78611089557713,1.165403767339534,8.0,8.0,F,1.7999999523162842,,,0.23999999463558197,,
G064.5+00.9,297.6041666666666,28.266666666666666,64.51687403322988,0.942042780492951,8.0,8.0,S?,0.20000000298023224,,?,0.5,,
G065.1+00.6,298.66666666666663,28.583333333333332,65.26784128063564,0.302118507043642,90.0,50.0,S,5.5,,,0.6100000143051147,,
G065.3+05.7,293.25,31.166666666666668,65.17867128925077,5.660732351359528,310.0,240.0,S?,42.0,,,0.6000000238418579,,
G065.7+01.2,298.04166666666663,29.433333333333334,65.71593790483138,1.2079338331089926,22.0,22.0,F,5.099999904632568,,,nan,v,DA 495
G066.0-00.0,299.4583333333333,29.05,66.0268240469669,-0.04837515123331795,31.0,25.0,S,nan,,?,nan,?,
G067.6+00.9,299.43749999999994,30.883333333333333,67.58126886107455,0.9239093590633152,50.0,45.0,S,nan,,?,nan,?,
G067.7+01.8,298.6333333333333,31.483333333333334,67.73751726827585,1.8232989143914398,15.0,12.0,S,1.0,,,0.6100000143051147,,
G067.8+00.5,299.99999999999994,30.85,67.80583063402841,0.4951729671605345,7.0,5.0,?,nan,,?,nan,?,
G068.6-01.2,302.16666666666663,30.616666666666667,68.60349674712067,-1.203810875481596,23.0,23.0,?,1.100000023841858,,,0.20000000298023224,,
G069.0+02.7,298.3333333333333,32.916666666666664,68.83746233930162,2.777751293812565,80.0,80.0,?,120.0,,?,nan,v,CTB 80
G069.7+01.0,300.6666666666667,32.71666666666667,69.69020505646846,1.0004343695315665,16.0,14.0,S,2.0,,,0.699999988079071,,
G070.0-21.5,320.99999999999994,19.383333333333333,70.02781452299274,-21.540586123871957,330.0,240.0,S,nan,,?,nan,?,
G073.9+00.9,303.5625,36.2,73.91172683085018,0.8830111146630182,27.0,27.0,S?,9.0,,,0.23000000417232513,,
G074.0-08.5,312.75,30.666666666666668,73.9815604428497,-8.564496086488342,230.0,160.0,S,210.0,,,nan,v,Cygnus Loop
G074.9+01.2,304.00833333333327,37.2,74.94192129824903,1.1414679761901032,8.0,6.0,F,9.0,,,0.30000001192092896,,CTB 87
G076.9+01.0,305.5833333333333,38.71666666666667,76.89502324428027,0.9717601912540884,9.0,9.0,C,2.0,,?,nan,?,
G078.2+02.1,305.20833333333326,40.43333333333333,78.1427688857835,2.186191992287304,60.0,60.0,S,320.0,,,0.5099999904632568,,"DR4, gamma Cygni SNR"
G082.2+05.3,304.74999999999994,45.5,82.14997076063788,5.316440526320975,95.0,65.0,S,120.0,,?,0.5,?,W63
G083.0-00.3,311.72916666666663,42.86666666666667,83.00153580152597,-0.2717494620335195,9.0,7.0,S,1.0,,,0.4000000059604645,,
G084.2-00.8,313.3333333333333,43.45,84.19458326227124,-0.806820553126703,20.0,16.0,S,11.0,,,0.5,,
G085.4+00.7,312.66666666666663,45.36666666666667,85.36579585386791,0.783364485761707,24.0,24.0,S,nan,,?,0.20000000298023224,,
G085.9-00.6,314.66666666666663,44.88333333333333,85.90614827935,-0.6068763858920994,24.0,24.0,S,nan,,?,0.20000000298023224,,
G089.0+04.7,311.24999999999994,50.583333333333336,88.83818293168325,4.794118242535442,120.0,90.0,S,220.0,,,0.3799999952316284,,HB21
G093.3+06.9,313.10416666666663,55.35,93.2780182778739,6.9056634017907905,27.0,20.0,C?,9.0,,,0.44999998807907104,,"DA 530, 4C(T)55.38.1"
G093.7-00.2,322.3333333333333,50.833333333333336,93.75367987052624,-0.21830230879993778,80.0,80.0,S,65.0,,,0.6499999761581421,,"CTB 104A, DA 551"
G094.0+01.0,321.20833333333326,51.88333333333333,93.97408123383993,1.0256232321008922,30.0,25.0,S,13.0,,,0.44999998807907104,,3C434.1
G096.0+02.0,322.62499999999994,53.983333333333334,96.04343633316799,1.9526313671522582,26.0,26.0,S,0.30000001192092896,,,0.6000000238418579,,
G106.3+02.7,336.87499999999994,60.833333333333336,106.27317823048514,2.705242561989878,60.0,24.0,C?,6.0,,,0.6000000238418579,,
G107.0+09.0,330.24999999999994,66.5,107.06875151520435,9.031459113540825,180.0,180.0,?,11.0,,?,0.8999999761581421,?,
G108.2-00.6,343.41666666666663,58.833333333333336,108.19334999689,-0.6267114394660103,70.0,54.0,S,8.0,,,0.5,,
G109.1-01.0,345.3958333333333,58.88333333333333,109.14156422389327,-1.01546632137218,28.0,28.0,S,20.0,,,0.44999998807907104,,CTB 109
G111.7-02.1,350.8583333333333,58.8,111.73381347773633,-2.1451480471348514,5.0,5.0,S,2300.0,,,0.7699999809265137,,"Cassiopeia A, 3C461"
G113.0+00.2,351.7083333333333,61.43333333333333,112.99622450448871,0.2044210437166178,40.0,17.0,?,4.0,,,0.5,?,
G114.3+00.3,354.24999999999994,61.916666666666664,114.2918066327339,0.30005170764228917,90.0,55.0,S,5.5,,,0.5,,
G116.5+01.1,358.41666666666663,63.25,116.48507584519568,1.1036579842450371,80.0,60.0,S,10.0,,,0.5,,
G116.6-26.1,5.75,36.5,116.5755679713008,-26.02051311918876,235.0,235.0,S,nan,,?,nan,?,
G116.9+00.2,359.79166666666663,62.43333333333333,116.92567146253221,0.17271347621414457,34.0,34.0,S,8.0,,,0.5699999928474426,,CTB 1
G119.5+10.2,1.6666666666666665,72.75,119.57930003988588,10.17032812844381,90.0,90.0,S,36.0,,,0.6000000238418579,,CTA 1
G120.1+01.4,6.324999999999999,64.15,120.0869111177418,1.4227319561221787,8.0,8.0,S,50.0,,,0.5799999833106995,,"Tycho, 3C10, SN1572"
G126.2+01.6,20.499999999999996,64.25,126.24458065889776,1.5750018392695457,70.0,70.0,S?,6.0,,,0.5,,
G127.1+00.5,22.083333333333332,63.166666666666664,127.08143051044932,0.5925584081724597,45.0,45.0,S,12.0,,,0.44999998807907104,,R5
G130.7+03.1,31.42083333333333,64.81666666666666,130.72787512845224,3.0746869289204057,9.0,5.0,F,33.0,,,0.07000000029802322,,"3C58, SN1181"
G132.7+01.3,34.41666666666666,62.75,132.62062982105655,1.5116017981266185,80.0,80.0,S,45.0,,,0.6000000238418579,,HB3
G150.3+04.5,66.75,55.46666666666667,150.27988910198266,4.4913317087785085,180.0,150.0,S,nan,,?,nan,?,
G152.4-02.1,61.95833333333333,49.18333333333333,152.55981402600435,-2.051740903648956,100.0,95.0,S,3.5,,?,0.699999988079071,?,
G156.2+05.7,74.66666666666666,51.833333333333336,156.11459298021035,5.662847904269589,110.0,110.0,S,5.0,,,0.5,,
G159.6+07.3,79.99999999999999,50.0,159.59753900372166,7.300265580758966,240.0,180.0,S,nan,,?,nan,?,
G160.9+02.6,75.24999999999999,46.666666666666664,160.4359636848391,2.7870761770039496,140.0,120.0,S,110.0,,,0.6399999856948853,,HB9
G166.0+04.3,81.625,42.93333333333333,166.1160298928732,4.277734247521219,55.0,35.0,S,7.0,,,0.3700000047683716,,VRO 42.05.01
G178.2-04.2,81.27083333333333,28.183333333333334,178.19900682194228,-4.202412866079235,72.0,62.0,S,2.0,,,0.5,,
G179.0+02.6,88.41666666666664,31.083333333333332,179.05170657340597,2.5971878417090304,70.0,70.0,S?,7.0,,,0.4000000059604645,,
G180.0-01.7,84.75,27.833333333333332,180.17018770525297,-1.8185550485225268,180.0,180.0,S,65.0,,,nan,v,S147
G181.1+09.5,96.66666666666666,32.5,181.14167147073115,9.440793196586899,74.0,74.0,S,0.4000000059604645,,?,0.4000000059604645,?,
G182.4+04.3,92.04166666666667,29.0,182.41748680142047,4.299488999539137,50.0,50.0,S,0.5,,,0.4000000059604645,,
G184.6-05.8,83.62916666666665,22.016666666666666,184.55366466967493,-5.786263765108931,7.0,5.0,F,900.0,,,0.30000001192092896,,"Crab Nebula, 3C144, SN1054"
G189.1+03.0,94.24999999999999,22.566666666666666,189.03320109310326,2.9783281512626383,45.0,45.0,C,165.0,,,0.36000001430511475,,"IC443, 3C157"
G189.6+03.3,94.91666666666666,22.0,189.8248627141234,3.2554072118739783,90.0,90.0,S,nan,,?,nan,?,
G190.9-02.2,90.47916666666666,18.4,190.9727125190085,-2.12772029873526,70.0,60.0,S,1.2999999523162842,,?,0.699999988079071,?,
G203.1+06.6,104.24999999999999,11.666666666666666,203.1306254355731,6.508979350747026,150.0,150.0,S,nan,,?,nan,?,
G205.5+00.5,99.75,6.5,205.73235852907226,0.2092822966555805,220.0,220.0,S,140.0,,,0.4000000059604645,,Monoceros Nebula
G206.7+05.9,105.24999999999999,8.166666666666666,206.7227847597304,5.82665915064164,210.0,210.0,S,nan,,?,nan,?,
G206.9+02.3,102.16666666666666,6.433333333333334,206.8883195704583,2.3152697774661175,60.0,40.0,S?,6.0,,,0.5,,PKS 0646+06
G213.0-00.6,102.70833333333333,-0.5,213.30800709976126,-0.36250300981284805,160.0,140.0,S,21.0,,,0.4000000059604645,,
G249.5+24.5,143.49999999999997,-17.0,249.80065375095418,24.898618921558892,260.0,260.0,S,27.0,,,0.699999988079071,,Hoinga
G260.4-03.4,125.54166666666667,-43.0,260.39956298484685,-3.438789140449875,60.0,50.0,S,130.0,,,0.5,,"Puppis A, MSH 08-44"
G261.9+05.5,136.08333333333331,-38.7,261.94750971463384,5.478053011749917,40.0,30.0,S,10.0,,?,0.4000000059604645,?,
G263.9-03.3,128.49999999999997,-45.833333333333336,263.9390439536057,-3.3682883580041314,255.0,255.0,C,1750.0,,,nan,v,Vela (XYZ)
G266.2-01.2,133.0,-46.333333333333336,266.25914205421213,-1.2198581804034714,120.0,120.0,S,50.0,,?,0.30000001192092896,?,RX J0852.0-4622
G272.2-03.2,136.70833333333331,-52.11666666666667,272.2170509218402,-3.1808123304949723,15.0,15.0,S?,0.4000000059604645,,,0.6000000238418579,,
G279.0+01.1,149.41666666666663,-53.25,278.6316226722896,1.2187748394763394,95.0,95.0,S,30.0,,?,0.6000000238418579,?,
G284.3-01.8,154.5625,-59.0,284.30872186696257,-1.7830694890764995,24.0,24.0,S,11.0,,?,0.30000001192092896,?,MSH 10-53
G286.5-01.2,158.91666666666666,-59.7,286.5658211459511,-1.2139908967434008,26.0,6.0,S?,1.399999976158142,,?,nan,?,
G288.8-06.3,157.58333333333331,-65.25,288.85305521913165,-6.310377103886425,108.0,96.0,S,11.0,,,0.4099999964237213,,
G289.7-00.3,165.3125,-60.3,289.68544382564113,-0.2933278949064545,18.0,14.0,S,6.199999809265137,,,0.20000000298023224,?,
G290.1-00.8,165.77083333333331,-60.93333333333333,290.14941872277745,-0.7795630404825785,19.0,14.0,S,42.0,,,0.4000000059604645,,MSH 11-61A
G291.0-00.1,167.975,-60.63333333333333,291.02313340130024,-0.08381579086135435,15.0,13.0,C,16.0,,,0.28999999165534973,,(MSH 11-62)
G292.0+01.8,171.14999999999998,-59.266666666666666,292.03027427765085,1.7546203763773744,12.0,8.0,C,15.0,,,0.4000000059604645,,MSH 11-54
G292.2-00.5,169.83333333333331,-61.46666666666667,292.16295513146315,-0.5357249528712077,20.0,15.0,S,7.0,,,0.5,,
G293.8+00.6,173.75,-60.9,293.7701532599595,0.6047882827894999,20.0,20.0,C,5.0,,?,0.6000000238418579,?,
G294.1-00.0,174.04166666666666,-61.63333333333333,294.1164757320297,-0.05664923192482758,40.0,40.0,S,2.0,>,?,nan,?,
G296.1-00.5,177.79166666666666,-62.56666666666667,296.0529032129825,-0.5026472158491869,37.0,25.0,S,8.0,,?,0.6000000238418579,?,
G296.5+10.0,182.41666666666666,-52.416666666666664,296.48796514722414,9.931668565102532,90.0,65.0,S,48.0,,,0.5,,PKS 1209-51/52
G296.7-00.9,178.87499999999997,-63.13333333333333,296.6613190618691,-0.9446336389659877,15.0,8.0,S,3.0,,,0.5,,
G296.8-00.3,179.62499999999997,-62.583333333333336,296.88070216325013,-0.3351850104863968,20.0,14.0,S,9.0,,,0.6000000238418579,,1156-62
G298.5-00.3,183.16666666666663,-62.86666666666667,298.52804374667994,-0.32690676397056656,5.0,5.0,?,5.0,,?,0.4000000059604645,?,
G298.6-00.0,183.4208333333333,-62.61666666666667,298.60619856278095,-0.06243991498332917,12.0,9.0,S,5.0,,?,0.30000001192092896,,
G299.2-02.9,183.80416666666665,-65.5,299.1849228958987,-2.892107593504282,18.0,11.0,S,0.5,,?,nan,?,
G299.6-00.5,185.43749999999997,-63.15,299.58709671686483,-0.4712185314419521,13.0,13.0,S,1.0,,?,nan,?,
G301.4-01.0,189.47916666666666,-63.81666666666667,301.4408573230472,-0.9840716389424371,37.0,23.0,S,2.0999999046325684,,?,nan,?,
G302.3+00.7,191.47916666666663,-62.13333333333333,302.2867424719497,0.7314974789109544,17.0,17.0,S,5.0,,?,0.4000000059604645,?,
G304.6+00.1,196.4958333333333,-62.7,304.5988577215081,0.12466060156927045,8.0,8.0,S,14.0,,,0.5,,Kes 17
G306.3-00.9,200.45833333333331,-63.56666666666667,306.3070576119975,-0.8942825888842976,4.0,4.0,S?,0.20000000298023224,,?,0.5,?,
G308.1-00.7,204.40416666666667,-63.06666666666667,308.133308281916,-0.6622162095657483,13.0,13.0,S,1.2000000476837158,,?,nan,?,
G308.4-01.4,205.37499999999997,-63.733333333333334,308.4368238233323,-1.397937731418394,12.0,6.0,S?,0.4000000059604645,,?,nan,?,
G308.8-00.1,205.62499999999997,-62.38333333333333,308.8109141968186,-0.09585902290688199,30.0,20.0,C?,15.0,,?,0.4000000059604645,?,
G309.2-00.6,206.62916666666666,-62.9,309.15712801028906,-0.6958747141494656,15.0,12.0,S,7.0,,?,0.4000000059604645,?,
G309.8+00.0,207.62499999999997,-62.083333333333336,309.78501226995775,-4.9906702379174034e-06,25.0,19.0,S,17.0,,,0.5,,
G310.6-01.6,210.18749999999997,-63.43333333333333,310.5898349378788,-1.5968214565256755,2.5,2.5,C?,nan,,?,nan,?,
G310.6-00.3,209.49999999999997,-62.15,310.61999656898325,-0.2759145550223502,8.0,8.0,S,5.0,,?,nan,?,Kes 20B
G310.8-00.4,209.99999999999997,-62.28333333333333,310.8106598706806,-0.46497911832281996,12.0,12.0,S,6.0,,?,nan,?,Kes 20A
G311.5-00.3,211.4083333333333,-61.96666666666667,311.53052032623873,-0.33991338184815006,5.0,5.0,S,3.0,,?,0.5,,
G312.4-00.4,213.24999999999997,-61.733333333333334,312.42947456987963,-0.3748388248022076,38.0,38.0,S,45.0,,,0.36000001430511475,,
G312.5-03.0,215.24999999999997,-64.2,312.48813054815133,-3.00270023517402,20.0,18.0,S,3.5,,?,nan,?,
G315.1+02.7,216.12499999999997,-57.833333333333336,315.0861442084898,2.8255390259069517,190.0,150.0,S,nan,,?,nan,?,
G315.4-02.3,220.74999999999997,-62.5,315.4168310552162,-2.36392806365851,42.0,42.0,S,49.0,,,0.6000000238418579,,"RCW 86, MSH 14-63"
G315.4-00.3,218.97916666666666,-60.6,315.4132829161204,-0.28525296376561876,24.0,13.0,?,8.0,,,0.4000000059604645,,
G315.9-00.0,219.60416666666663,-60.18333333333333,315.86187838227244,-0.02501665854031036,25.0,14.0,S,0.800000011920929,,?,nan,?,
G316.3-00.0,220.37499999999997,-60.0,316.2875518078141,-0.013448327386282894,29.0,14.0,S,20.0,,?,0.4000000059604645,,(MSH 14-57)
G317.3-00.2,222.41666666666663,-59.766666666666666,317.3139420809876,-0.23780593346230244,11.0,11.0,S,4.699999809265137,,?,nan,?,
G318.2+00.1,223.70833333333331,-59.06666666666667,318.2149613526416,0.09385554425325994,40.0,35.0,S,3.9000000953674316,>,?,nan,?,
G318.9+00.4,224.62499999999997,-58.483333333333334,318.90605836327984,0.3912881196422008,30.0,14.0,C,4.0,,?,0.20000000298023224,?,
G320.4-01.2,228.62499999999994,-59.13333333333333,320.3848998537073,-1.1979405708561042,35.0,35.0,C,60.0,,?,0.4000000059604645,,"MSH 15-52, RCW 89"
G320.6-01.6,229.45833333333331,-59.266666666666666,320.6779285622394,-1.5356280584720219,60.0,30.0,S,nan,,?,nan,?,
G321.9-01.1,230.93749999999994,-58.21666666666667,321.89115815957126,-1.0662903671592128,28.0,28.0,S,3.4000000953674316,>,?,nan,?,
G321.9-00.3,230.16666666666666,-57.56666666666667,321.90115701304313,-0.29801382433283163,31.0,23.0,S,13.0,,,0.30000001192092896,,
G322.1+00.0,230.20416666666665,-57.166666666666664,322.13404096706387,0.027830369175929407,8.0,4.5,S?,nan,,?,nan,?,
G322.5-00.1,230.8458333333333,-57.1,322.4625228935721,-0.1055964939412308,15.0,15.0,C,1.5,,,0.4000000059604645,,
G323.5+00.1,232.17499999999998,-56.35,323.4855997560715,0.11247484117160009,13.0,13.0,S,3.0,,?,0.4000000059604645,?,
G323.7-01.0,233.62499999999997,-57.2,323.6502910303603,-1.039257449298005,51.0,38.0,S,nan,,?,nan,?,
G326.3-01.8,238.24999999999997,-56.166666666666664,326.2954949986438,-1.763494530890665,38.0,38.0,C,145.0,,,nan,v,MSH 15-56
G327.1-01.1,238.60416666666666,-55.15,327.09628865229695,-1.1057257537381888,18.0,18.0,C,7.0,,,nan,?,
G327.2-00.1,237.72916666666666,-54.3,327.24280690339805,-0.127798681304182,5.0,5.0,S,0.5,,,nan,?,
G327.4+00.4,237.08333333333334,-53.81666666666667,327.24843853452546,0.48642741131443096,21.0,21.0,S,26.0,,,0.6000000238418579,,Kes 27
G327.4+01.0,236.7,-53.333333333333336,327.36863682322627,1.0069762206084258,14.0,14.0,S,1.899999976158142,,,nan,?,
G327.6+14.6,225.70833333333331,-41.93333333333333,327.5724164930225,14.566302666894156,30.0,30.0,S,19.0,,,0.6000000238418579,,"SN1006, PKS 1459-41"
G328.4+00.2,238.87499999999994,-53.28333333333333,328.41086083473004,0.22903536411638217,5.0,5.0,F,15.0,,,0.0,,(MSH 15-57)
G329.7+00.4,240.33333333333331,-52.3,329.71974536914763,0.4061791352436658,40.0,33.0,S,34.0,>,?,nan,?,
G330.0+15.0,227.49999999999997,-40.0,329.8007222289768,15.534307820280668,180.0,180.0,S,350.0,,?,0.5,?,Lupus Loop
G330.2+01.0,240.27499999999992,-51.56666666666667,330.1734243408506,0.9834820913402794,11.0,11.0,S?,5.0,,?,0.30000001192092896,,
G332.0+00.2,243.3208333333333,-50.88333333333333,332.0461053724563,0.21003777868717308,12.0,12.0,S,8.0,,?,0.5,,
G332.4-00.4,244.3875,-51.03333333333333,332.4276513669407,-0.362967042369417,10.0,10.0,S,28.0,,,0.5,,RCW 103
G332.4+00.1,243.83333333333331,-50.7,332.4072396734708,0.11975110822726788,15.0,15.0,S,26.0,,,0.5,,"MSH 16-51, Kes 32"
G332.5-05.6,250.8333333333333,-54.5,332.5794897362731,-5.575155798957071,35.0,35.0,S,2.0,,?,0.699999988079071,?,
G335.2+00.1,246.93749999999994,-48.78333333333333,335.1806170909681,0.05966424861961829,21.0,21.0,S,16.0,,,0.5,,
G336.7+00.5,248.04583333333332,-47.31666666666667,336.7547393167859,0.530953141497212,14.0,10.0,S,6.0,,,0.5,,
G337.0-00.1,248.98749999999995,-47.6,336.9783566623158,-0.12907256187787766,1.5,1.5,S,1.5,,,0.6000000238418579,?,(CTB 33)
G337.2-00.7,249.86666666666665,-47.85,337.18866493561455,-0.7357261251129357,6.0,6.0,S,1.5,,,0.4000000059604645,,
G337.2+00.1,248.97916666666663,-47.333333333333336,337.1716030703466,0.054771721699007674,3.0,2.0,?,1.5,,?,nan,?,
G337.3+01.0,248.1625,-46.6,337.33318142683646,0.9615509816631526,15.0,12.0,S,16.0,,,0.550000011920929,,Kes 40
G337.8-00.1,249.75416666666663,-46.983333333333334,337.78453722502496,-0.10179841341417985,9.0,6.0,S,15.0,,,0.5,,Kes 41
G338.1+00.4,249.49583333333334,-46.4,338.1004694990937,0.41960701809861634,15.0,15.0,S,4.0,,?,0.4000000059604645,,
G338.3-00.0,250.24999999999997,-46.56666666666667,338.3215669574311,-0.07894786753173044,8.0,8.0,C?,7.0,,?,nan,?,
G338.5+00.1,250.2875,-46.31666666666667,338.5261261703811,0.06707714066437044,9.0,9.0,?,12.0,,?,nan,?,
G340.4+00.4,251.62916666666663,-44.65,340.4015564456558,0.4481244475155006,10.0,7.0,S,5.0,,,0.4000000059604645,,
G340.6+00.3,251.92083333333332,-44.56666666666667,340.59949299484066,0.3437999478817609,6.0,6.0,S,5.0,,?,0.4000000059604645,?,
G341.2+00.9,251.89583333333334,-43.78333333333333,341.1858655518413,0.8635502153123237,22.0,16.0,C,1.5,,?,0.6000000238418579,?,
G341.9-00.3,253.75416666666666,-44.016666666666666,341.8596623043416,-0.3168605212122128,7.0,7.0,S,2.5,,,0.5,,
G342.0-00.2,253.7083333333333,-43.88333333333333,341.9425681380888,-0.20734622813763667,12.0,9.0,S,3.5,,?,0.4000000059604645,?,
G342.1+00.9,252.67916666666665,-43.06666666666667,342.1006648599156,0.8879526964615033,10.0,9.0,S,0.5,,?,nan,?,
G343.0-06.0,261.25,-46.5,342.98829412329815,-6.035323534187218,250.0,250.0,S,nan,,?,nan,?,RCW 114
G343.1-02.3,256.99999999999994,-44.266666666666666,343.09140236340215,-2.309610307668258,32.0,32.0,C?,8.0,,?,0.5,?,
G343.1-00.7,255.1041666666666,-43.233333333333334,343.0810239980585,-0.5941285134504984,27.0,21.0,S,7.800000190734863,,,0.550000011920929,,
G344.7-00.1,255.9625,-41.7,344.6810579103934,-0.15602154839665522,8.0,8.0,C?,2.5,,?,0.30000001192092896,?,
G345.1-00.2,256.3374999999999,-41.43333333333333,345.0632522764292,-0.21732857345952852,6.0,6.0,S,1.399999976158142,,?,0.699999988079071,?,
G345.1+00.2,255.91666666666669,-41.083333333333336,345.14949256659645,0.2465080104323273,10.0,10.0,S,0.6000000238418579,,?,0.6000000238418579,?,
G345.7-00.2,256.8333333333333,-40.88333333333333,345.72713379454916,-0.18381658647559487,6.0,6.0,S,0.6000000238418579,,?,nan,?,
G346.6-00.2,257.57916666666665,-40.18333333333333,346.62711069284575,-0.22070465457268096,8.0,8.0,S,8.0,,?,0.5,?,
G347.3-00.5,258.45833333333326,-39.75,347.37441749219545,-0.5093963264040422,65.0,55.0,S?,30.0,,?,nan,?,RX J1713.7-3946
G348.5-00.0,258.8583333333333,-38.46666666666667,348.5974622994193,-0.011931817022031761,10.0,10.0,S?,10.0,,?,0.4000000059604645,?,
G348.5+00.1,258.525,-38.53333333333333,348.39106495228896,0.16097689778888657,15.0,15.0,S,72.0,,,0.30000001192092896,,CTB 37A
G348.7+00.3,258.47916666666663,-38.18333333333333,348.6538040893987,0.3949887289495089,17.0,17.0,S,26.0,,,0.30000001192092896,,CTB 37B
G348.8+01.1,257.8708333333333,-37.6,348.84321454701734,1.1263430383440396,10.0,10.0,S,0.6000000238418579,,?,0.699999988079071,?,
G349.2-00.1,259.3125,-38.06666666666667,349.1301408507423,-0.07027055914518883,9.0,6.0,S,1.399999976158142,,?,nan,?,
G349.7+00.2,259.49583333333334,-37.43333333333333,349.73092792752936,0.177074541304351,2.5,2.0,S,20.0,,,0.5,,
G350.0-02.0,261.9583333333333,-38.53333333333333,349.9222038008836,-2.0455458074764024,45.0,45.0,S,26.0,,,0.4000000059604645,,
G350.1-00.3,260.2708333333333,-37.45,350.0700075238147,-0.336667860583701,4.0,4.0,?,6.0,,?,0.800000011920929,?,
G351.0-05.4,266.49999999999994,-39.416666666666664,351.06536518335633,-5.501359048202453,30.0,30.0,S,nan,,?,nan,?,
G351.2+00.1,260.61249999999995,-36.18333333333333,351.2676140859511,0.15830922147242016,7.0,7.0,C?,5.0,,?,0.4000000059604645,,
G351.7+00.8,260.25,-35.45,351.7038442227962,0.817019920700874,18.0,14.0,S,10.0,,,0.5,?,
G351.9-00.9,262.2166666666666,-36.266666666666666,351.9234867893349,-0.9603632113583829,12.0,9.0,S,1.7999999523162842,,?,nan,?,
G352.7-00.1,261.91666666666663,-35.11666666666667,352.7452624784108,-0.11975790506156275,8.0,6.0,S,4.0,,,0.6000000238418579,,
G353.3-01.1,263.29166666666663,-35.2,353.2942863210492,-1.1042640604901421,60.0,60.0,S,24.0,,?,0.8500000238418579,?,
G353.6-00.7,263.0,-34.733333333333334,353.55489811950423,-0.6492875119139496,30.0,30.0,S,2.5,,?,nan,?,
G353.9-02.0,264.72916666666663,-35.18333333333333,353.9412727181556,-2.085117048946091,13.0,13.0,S,1.0,,?,0.5,?,
G354.1+00.1,262.6166666666667,-33.766666666666666,354.1892558645214,0.14597533081584835,15.0,3.0,C?,nan,,?,nan,v,
G354.8-00.8,264.0,-33.7,354.8717248280851,-0.7825494950083429,19.0,19.0,S,2.799999952316284,,?,nan,?,
G355.4+00.7,262.8333333333333,-32.43333333333333,355.40316231714604,0.7267058329878404,25.0,25.0,S,5.0,,?,nan,?,
G355.6-00.0,263.8166666666666,-32.63333333333333,355.68680335461545,-0.0775526271234311,8.0,6.0,S,3.0,,?,nan,?,
G355.9-02.5,266.4708333333333,-33.71666666666667,355.94557534065086,-2.5354703334698607,13.0,13.0,S,8.0,,,0.5,,
G356.2+04.5,259.74999999999994,-29.666666666666668,356.2176094253461,4.4639777751338325,25.0,25.0,S,4.0,,,0.699999988079071,,
G356.3-01.5,265.6458333333333,-32.86666666666667,356.3100223533753,-1.5032968230644272,20.0,15.0,S,3.0,,?,nan,?,
G356.3-00.3,264.4833333333333,-32.266666666666666,356.2985411683689,-0.35452317295407443,11.0,7.0,S,3.0,,?,nan,?,
G357.7-00.1,265.1208333333333,-30.966666666666665,357.68786553651245,-0.12106401159278027,8.0,3.0,?,37.0,,,0.4000000059604645,,MSH 17-39
G357.7+00.3,264.6458333333333,-30.733333333333334,357.66831752268047,0.34835815772677914,24.0,24.0,S,10.0,,,0.4000000059604645,?,
G358.0+03.8,261.5,-28.6,357.96488018235993,3.8027803617832636,38.0,38.0,S,1.5,,?,nan,?,
G358.1+01.0,264.25,-29.983333333333334,358.11880217369225,1.0384694548719264,20.0,20.0,S,2.0,,?,nan,?,
G358.5-00.9,266.54166666666663,-30.666666666666668,358.5840210594572,-1.0019303590454767,17.0,17.0,S,4.0,,?,nan,?,
G359.0-00.9,266.7083333333333,-30.266666666666666,359.000520172217,-0.916998193554012,23.0,23.0,S,23.0,,,0.5,,
G359.1-00.5,266.37499999999994,-29.95,359.12109888425186,-0.5060340009801592,24.0,24.0,S,14.0,,,0.4000000059604645,?,
G359.1+00.9,264.9,-29.183333333333334,359.0972174177736,0.9883029935285124,12.0,11.0,S,2.0,,?,nan,?,
G359.2-01.1,267.0583333333333,-30.2,359.214059487335,-1.141279340112234,5.0,4.0,S?,0.4000000059604645,,?,1.100000023841858,?,
