__row,name,alt_name,ra,dec,lii,bii,helio_distance,galcen_distance,x_distance,y_distance,z_distance,metallicity,num_metallicity_measures,reddening,hb_vmag,app_distance_mod,vmag,abs_vmag,ub_color,bv_color,vr_color,vi_color,spect_type,ellipticity,radial_velocity,radial_velocity_error,lsr_radial_velocity,central_sigma_v,central_sigma_v_error,central_concentration,core_collapse_flag,core_radius,half_light_radius,cent_surf_brightness,log_lum_density,log_core_relaxtime,log_hmr_relaxtime,class,__x_ra_dec,__y_ra_dec,__z_ra_dec
1,IC 4499,,225.07688,-82.21369,307.35370,-20.47324,18.8,15.7,10.7,-14.0,-6.6,-1.53,3,0.23,17.65,17.08,9.76,-7.32,0.45,0.91,,,,0.08,31.5,0.2,24.1,2.5,0.5,1.21,,0.84,1.71,20.90,1.55,9.21,9.73,3080,-0.0959264027106867,-0.0956693343672334,-0.990780249967024
2,E 3,,140.23779,-77.28189,292.26822,-19.01702,8.1,9.1,2.9,-7.1,-2.6,-0.83,1,0.30,16.15,15.47,11.35,-4.12,,,,,,,,,,,,0.75,,1.87,2.10,23.10,0.84,8.93,8.80,3080,0.140811473918257,-0.169234034356384,-0.975465002154578
3,NGC 4372,,186.43917,-72.65900,300.99315,-9.88399,5.8,7.1,2.9,-4.9,-1.0,-2.17,4,0.39,15.50,15.03,7.24,-7.79,0.31,1.10,0.72,1.50,F5,0.15,72.3,1.2,64.2,,,1.30,,1.75,3.91,20.58,2.06,8.88,9.59,3080,-0.0334266792811815,-0.296177707914511,-0.954547758075383
4,NGC 6101,,246.45050,-72.20219,317.74609,-15.82483,15.4,11.2,11.0,-10.0,-4.2,-1.98,3,0.05,16.60,16.10,9.16,-6.94,0.06,0.68,0.50,,F5,0.05,361.4,1.7,357.0,,,0.80,,0.97,1.05,20.29,1.65,9.21,9.22,3080,-0.28020211432929,-0.122123299851334,-0.952141100236103
5,NGC 104,47 Tuc,6.02363,-72.08128,305.89481,-44.88934,4.5,7.4,1.9,-2.6,-3.1,-0.72,10,0.04,14.06,13.37,3.95,-9.42,0.37,0.88,0.53,1.14,G4,0.09,-18.0,0.1,-26.7,11.0,0.3,2.07,,0.36,3.17,14.38,4.88,7.84,9.55,3080,0.0322861801487675,0.305968826839869,-0.951493919882642
6,NGC 4833,,194.89133,-70.87650,303.60401,-8.01536,6.6,7.0,3.6,-5.4,-0.9,-1.85,4,0.32,15.60,15.08,6.91,-8.17,0.29,0.93,0.63,1.33,F3,0.07,200.2,1.2,192.9,,,1.25,,1.00,2.41,18.48,3.00,8.78,9.42,3080,-0.0841902140063945,-0.316602803401594,-0.94481462348114
7,NGC 362,,15.80942,-70.84878,301.53298,-46.24741,8.6,9.4,3.1,-5.1,-6.2,-1.26,5,0.05,15.44,14.83,6.40,-8.43,0.16,0.77,0.49,1.01,F9,0.01,223.5,0.5,214.0,6.4,0.3,1.76,c:,0.18,0.82,14.80,4.74,7.76,8.93,3080,0.0893768312685349,0.315653002682519,-0.944656002960816
8,NGC 6362,,262.97913,-67.04833,325.55451,-17.56977,7.6,5.1,6.0,-4.1,-2.3,-0.99,4,0.09,15.33,14.68,7.73,-6.95,0.29,0.85,0.56,1.14,G3,0.07,-13.1,0.6,-15.6,2.8,0.4,1.09,,1.13,2.05,19.31,2.29,8.80,9.20,3080,-0.387030472191066,-0.0476645085704359,-0.920834137192089
9,NGC 2808,,138.01292,-64.86350,282.19302,-11.25259,9.6,11.1,2.0,-9.2,-1.9,-1.14,4,0.22,16.22,15.59,6.20,-9.39,0.28,0.92,0.57,1.18,F7,0.12,101.6,0.7,89.2,13.4,1.2,1.56,,0.25,0.80,15.08,4.66,8.24,9.15,3080,0.284159601486545,-0.315734322009584,-0.905298381081153
10,NGC 6752,,287.71713,-59.98456,336.49291,-25.62835,4.0,5.2,3.3,-1.4,-1.7,-1.54,8,0.04,13.70,13.13,5.40,-7.73,0.07,0.66,0.43,0.93,F4/,0.04,-26.7,0.2,-27.3,4.9,0.4,2.50,c,0.17,1.91,14.88,5.04,6.88,8.87,3080,-0.476507636761033,0.152229928253902,-0.865890594158539
11,Lynga 7,BH184,242.76521,-55.31778,328.76908,-2.79734,8.0,4.3,6.8,-4.1,-0.4,-1.01,3,0.73,17.43,16.78,10.18,-6.60,,,,,,,8.0,5.0,8.0,,,0.95,,0.90,1.20,,,,8.83,3080,-0.505941585095862,-0.260407144417368,-0.822320637955219
12,NGC 1261,,48.06754,-55.21622,270.53871,-52.12435,16.3,18.1,0.1,-10.0,-12.9,-1.27,3,0.01,16.70,16.09,8.29,-7.80,0.13,0.72,0.45,0.93,F7,0.07,68.2,4.6,54.9,,,1.16,,0.35,0.68,17.73,2.99,8.59,9.12,3080,0.424399735437505,0.381226304349578,-0.821310763007851
13,NGC 6397,,265.17537,-53.67433,338.16501,-11.95952,2.3,6.0,2.1,-0.8,-0.5,-2.02,7,0.18,12.87,12.37,5.73,-6.64,0.12,0.73,0.49,1.03,F4,0.07,18.8,0.1,20.3,4.5,0.2,2.50,c,0.05,2.90,15.47,5.76,4.94,8.60,3080,-0.590275251396162,-0.0498222886833783,-0.805662998492265
14,NGC 6584,,274.65667,-52.21578,342.14348,-16.41393,13.5,7.0,12.3,-4.0,-3.8,-1.50,2,0.10,16.53,15.96,8.27,-7.69,0.17,0.76,0.50,1.04,F6,,222.9,15.0,224.9,,,1.47,,0.26,0.73,17.63,3.33,8.13,9.02,3080,-0.610666998754317,0.0497410202887055,-0.790323761209945
15,NGC 5286,,206.61171,-51.37425,311.61418,10.56780,11.7,8.9,7.6,-8.6,2.1,-1.69,4,0.24,16.63,16.08,7.34,-8.74,0.28,0.88,0.58,1.19,F5,0.12,57.4,1.5,54.3,8.1,1.0,1.41,,0.28,0.73,16.22,4.10,8.40,9.11,3080,-0.279619051827803,-0.558101456352789,-0.781240008110066
16,Rup 106,,189.66750,-51.15028,300.88801,11.67079,21.2,18.5,10.7,-17.8,4.3,-1.68,6,0.20,17.80,17.25,10.90,-6.35,,,,,,,-44.0,3.0,-49.7,,,0.70,,1.00,1.05,21.82,1.10,9.41,9.34,3080,-0.105339257441901,-0.618371822466546,-0.778793894442549
17,NGC 5927,,232.00287,-50.67303,326.60412,4.85980,7.7,4.6,6.4,-4.2,0.7,-0.49,5,0.45,16.55,15.82,8.01,-7.81,0.85,1.31,0.79,1.63,G2,0.04,-107.5,0.9,-107.2,,,1.60,,0.42,1.10,16.91,4.09,8.39,8.94,3080,-0.499417524157009,-0.390147378218886,-0.773541957384222
18,NGC 5946,,233.86883,-50.65967,327.58266,4.19097,10.6,5.8,8.9,-5.6,0.8,-1.29,4,0.54,17.40,16.79,9.61,-7.18,0.45,1.29,0.77,1.58,F7/,0.16,128.4,1.8,128.9,4.0,2.9,2.50,c,0.08,0.89,17.19,4.68,6.90,8.91,3080,-0.51200211004875,-0.37378513633906,-0.773394149937545
19,BH 176,,234.78104,-50.05272,328.41313,4.33665,18.9,12.9,16.1,-9.9,1.4,0.00,1,0.54,18.86,18.06,14.00,-4.06,,,,,,,,,,,,0.85,,0.90,0.90,23.36,0.97,9.14,8.79,3080,-0.524551896529128,-0.370290655804287,-0.766635596663582
20,AM 1,E 1,58.75958,-49.61528,258.36133,-48.47073,123.3,124.6,-16.5,-80.1,-92.3,-1.70,2,0.00,21.00,20.45,15.72,-4.73,,0.72,,,,,116.0,20.0,101.3,,,1.36,,0.17,0.41,23.62,0.03,8.96,9.61,3080,0.553967989168323,0.336029265141063,-0.761711100054057
21,NGC 6352,,261.37129,-48.42217,341.42142,-7.16620,5.6,3.3,5.3,-1.8,-0.7,-0.64,5,0.22,15.13,14.43,7.96,-6.47,0.64,1.06,0.66,1.50,G4,0.07,-137.0,1.1,-134.1,,,1.10,,0.83,2.05,18.17,3.17,8.46,8.92,3080,-0.65612536827853,-0.0995659321606434,-0.748054895214479
22,NGC 5139,omega Cen,201.69683,-47.47958,309.10188,14.96824,5.2,6.4,3.1,-3.9,1.3,-1.53,4,0.12,14.51,13.94,3.68,-10.26,0.19,0.78,0.51,1.05,F5,0.17,232.1,0.1,228.9,16.8,0.3,1.31,,2.37,5.00,16.81,3.15,9.60,10.09,3080,-0.24985970570562,-0.627970739180794,-0.737036551466363
23,FSR 1735,,253.04417,-47.05806,339.18763,-1.85322,9.8,3.7,9.1,-3.5,-0.3,,0,1.42,20.00,19.35,12.90,-6.45,,,,,,,,,,,,0.56,,0.39,0.34,,,,8.11,3080,-0.651642614389354,-0.198677996092489,-0.732044368177558
24,ESO-SC06,ESO280-SC06,272.27500,-46.42306,346.89876,-12.57090,21.4,14.0,20.4,-4.7,-4.7,-1.80,1,0.07,17.40,16.87,12.00,-4.87,,,,,,,,,,,,0.90,,0.60,1.05,,,,9.10,3080,-0.688784763507013,0.0273634352378004,-0.724449302555102
123,Whiting 1,,30.73750,-3.25278,161.61756,-60.63588,30.1,34.5,-13.9,4.7,-26.3,-0.70,1,0.03,18.18,17.49,15.03,-2.46,,,,,,,-130.6,1.8,-138.1,,,0.55,,0.25,0.22,,,,7.93,3080,0.510282148966601,0.858133186456463,-0.0567411909295538
25,NGC 3201,,154.40342,-46.41247,277.22878,8.64038,4.9,8.8,0.6,-4.8,0.7,-1.59,5,0.24,14.76,14.20,6.75,-7.45,0.38,0.96,0.62,1.23,F6,0.12,494.0,0.2,482.9,5.0,0.2,1.29,,1.30,3.10,19.00,2.71,8.61,9.27,3080,0.297869577907282,-0.621796920673221,-0.724321961560353
26,NGC 6388,,264.07179,-44.73550,345.55646,-6.73773,9.9,3.1,9.6,-2.5,-1.2,-0.55,6,0.37,16.85,16.13,6.72,-9.41,0.66,1.17,0.71,1.47,G2,0.01,80.1,0.8,84.2,18.9,0.8,1.75,,0.12,0.52,14.49,5.37,7.72,8.90,3080,-0.706564558862541,-0.0733679388028005,-0.703834973353279
27,NGC 6496,,269.76533,-44.26594,348.02691,-10.01374,11.3,4.2,10.9,-2.3,-2.0,-0.46,3,0.15,16.47,15.74,8.54,-7.20,0.45,0.98,,,G4,0.16,-112.7,5.7,-108.4,,,0.70,,0.95,1.02,20.17,1.99,8.94,9.04,3080,-0.716101726209641,-0.00293295856252145,-0.697989767456259
28,NGC 6541,,272.00983,-43.71489,349.28606,-11.18819,7.5,2.1,7.3,-1.4,-1.5,-1.81,4,0.14,15.35,14.82,6.30,-8.52,0.13,0.76,0.49,1.01,F6,0.12,-158.7,2.3,-154.2,8.2,2.1,1.86,c:,0.18,1.06,15.44,4.65,7.55,9.03,3080,-0.722342946182846,0.0253488948158248,-0.691070258100797
29,NGC 1851,,78.52817,-40.04656,244.51322,-35.03598,12.1,16.6,-4.2,-8.9,-6.9,-1.18,9,0.02,16.09,15.47,7.14,-8.33,0.17,0.76,0.49,1.01,F7,0.05,320.5,0.6,303.8,10.4,0.5,1.86,,0.09,0.51,14.25,5.09,7.43,8.82,3080,0.750228754246783,0.15225172399178,-0.643409845155365
30,NGC 6380,Ton 1,263.61667,-39.06917,350.18148,-3.42039,10.9,3.3,10.7,-1.9,-0.6,-0.75,2,1.17,19.50,18.81,11.31,-7.50,,2.01,,,,,-3.6,2.5,2.1,,,1.55,c:,0.34,0.74,19.89,3.73,8.40,8.86,3080,-0.771572331824079,-0.0863184459976103,-0.630258092089353
31,NGC 6139,,246.91821,-38.84875,342.36580,6.93893,10.1,3.6,9.6,-3.0,1.2,-1.65,2,0.75,17.90,17.35,8.99,-8.36,0.73,1.40,0.91,1.86,F6/,0.05,6.7,6.0,11.5,,,1.86,,0.15,0.85,17.20,4.67,7.66,9.05,3080,-0.7164582239617,-0.305326255309796,-0.627266682628803
32,Ton 2,Pismis 26,264.04375,-38.55333,350.79644,-3.42329,8.2,1.4,8.1,-1.3,-0.5,-0.70,1,1.24,19.10,18.41,12.24,-6.17,,,,,,,-184.4,2.2,-178.6,,,1.30,,0.54,1.30,22.16,2.85,8.23,8.82,3080,-0.777806513469622,-0.0811503271921556,-0.623242851544113
33,NGC 5986,,236.51250,-37.78642,337.02216,13.26838,10.4,4.8,9.3,-4.0,2.4,-1.59,4,0.28,16.52,15.96,7.52,-8.44,0.30,0.90,0.58,1.22,F5,0.06,88.9,3.7,92.9,,,1.23,,0.47,0.98,17.67,3.41,8.58,9.18,3080,-0.659115358182223,-0.436052175692639,-0.61271971135425
34,Pyxis,,136.99083,-37.22139,261.31938,6.99736,39.4,41.4,-5.9,-38.7,4.8,-1.20,3,0.21,19.25,18.63,12.90,-5.73,,,,,,,34.3,1.9,20.7,,,,,,,,,,,3080,0.543171299595028,-0.582293102537384,-0.604896422566406
35,NGC 6256,,254.88592,-37.12139,347.79159,3.30653,10.3,3.0,10.0,-2.2,0.6,-1.02,2,1.09,19.09,18.44,11.29,-7.15,1.03,1.69,,,,,-101.4,1.9,-95.6,6.6,2.6,2.50,c,0.02,0.86,17.89,5.59,5.82,8.86,3080,-0.769776914055664,-0.20790475202124,-0.603505689015377
36,NGC 6441,,267.55442,-37.05144,353.53223,-5.00580,11.6,3.9,11.5,-1.3,-1.0,-0.46,6,0.47,17.51,16.78,7.15,-9.63,0.81,1.27,0.79,1.62,G2,0.02,16.5,1.0,22.9,18.0,0.2,1.74,,0.13,0.57,14.85,5.26,7.93,9.09,3080,-0.797367927653509,-0.0340551229383146,-0.602531855216971
37,NGC 6723,,284.88813,-36.63225,0.06928,-17.29892,8.7,2.6,8.3,0.0,-2.6,-1.10,3,0.05,15.48,14.84,7.01,-7.83,0.21,0.75,0.50,1.05,F9,0.00,-94.5,3.6,-88.3,,,1.11,c:,0.83,1.53,18.13,2.79,8.79,9.24,3080,-0.775541918792119,0.206183641556225,-0.596676661308998
38,NGC 2298,,102.24754,-36.00531,245.62860,-16.00636,10.8,15.8,-4.3,-9.4,-3.0,-1.92,5,0.14,16.11,15.60,9.29,-6.31,0.17,0.75,0.54,1.11,F5,0.08,148.9,1.2,132.0,,,1.38,,0.31,0.98,18.90,2.90,7.91,8.84,3080,0.79055074364782,-0.171609874153964,-0.587860164333951
39,Terzan 3,,247.16700,-35.35347,345.07648,9.18706,8.2,2.5,7.8,-2.1,1.3,-0.74,2,0.73,17.51,16.82,12.00,-4.82,,,,,,,-136.3,0.7,-130.6,,,0.70,,1.18,1.25,22.52,1.82,8.79,8.57,3080,-0.751687526699778,-0.316489907314272,-0.578619046326833
40,Terzan 7,,289.43300,-34.65772,3.38683,-20.06657,22.8,15.6,21.4,1.3,-7.8,-0.32,6,0.07,17.76,17.01,12.00,-5.01,,,,,,,166.0,4.0,172.5,,,0.93,,0.49,0.77,20.66,1.63,8.89,8.96,3080,-0.775703395743347,0.273670568152559,-0.568672719549036
41,NGC 6453,,267.71542,-34.59917,355.71740,-3.87245,11.6,3.7,11.5,-0.9,-0.8,-1.50,4,0.64,17.88,17.30,10.08,-7.22,0.68,1.31,0.99,2.00,F8,0.09,-83.7,8.3,-76.7,,,2.50,c,0.05,0.44,17.07,4.95,6.73,8.52,3080,-0.822490356845171,-0.0328129617618623,-0.567831773007743
42,Terzan 8,,295.43504,-33.99947,5.75924,-24.55879,26.3,19.4,23.8,2.4,-10.9,-2.16,2,0.12,17.95,17.47,12.40,-5.07,,,,,,,130.0,8.0,136.2,,,0.60,,1.00,0.95,22.82,0.53,9.46,9.21,3080,-0.748685925708779,0.356063508485008,-0.559185266768479
43,Liller 1,,263.35208,-33.38900,354.84064,-0.16016,8.2,0.8,8.2,-0.7,0.0,-0.33,4,3.07,24.84,24.09,16.77,-7.32,,,,,,,52.0,15.0,59.2,,,2.30,,0.06,,24.00,5.28,6.62,0.00,3080,-0.829339552075036,-0.0966607932529209,-0.550320450657337
44,NGC 5824,,225.99429,-33.06822,332.55499,22.07041,32.1,25.9,26.4,-13.7,12.1,-1.91,4,0.13,18.45,17.94,9.09,-8.85,0.12,0.75,0.51,1.05,F4,0.03,-27.5,1.5,-23.8,11.6,0.5,1.98,,0.06,0.45,15.18,4.61,7.91,9.47,3080,-0.602764196364312,-0.582198684946549,-0.545637255718297
45,Djorg 1,,266.86792,-33.06556,356.67496,-2.48197,13.7,5.7,13.6,-0.8,-0.6,-1.51,1,1.58,21.15,20.58,13.60,-6.98,,,,,,,-362.4,3.6,-355.0,,,1.50,,0.50,1.59,23.10,2.68,8.71,0.00,3080,-0.836795016992684,-0.0457891583475823,-0.545598251934547
46,NGC 6652,,278.94013,-32.99072,1.53390,-11.37681,10.0,2.7,9.8,0.3,-2.0,-0.81,4,0.09,15.96,15.28,8.62,-6.66,0.37,0.94,0.52,1.08,G3,0.20,-111.7,5.8,-104.3,,,1.80,,0.10,0.48,16.10,4.48,7.05,8.39,3080,-0.82856890208562,0.130344979883292,-0.544503223788303
47,NGC 6637,M 69,277.84625,-32.34808,1.72288,-10.26938,8.8,1.7,8.6,0.3,-1.6,-0.64,4,0.18,15.98,15.28,7.64,-7.64,0.48,1.01,0.62,1.28,G2/,0.01,39.9,2.8,47.5,,,1.38,,0.33,0.84,16.82,3.84,8.15,8.82,3080,-0.836903931595271,0.115329892256736,-0.535061515372231
48,NGC 6681,M 70,280.80317,-32.29211,2.85292,-12.50987,9.0,2.2,8.8,0.4,-2.0,-1.62,3,0.07,15.55,14.99,7.87,-7.12,0.12,0.72,0.47,0.99,F5,0.01,220.3,0.9,227.8,5.2,0.5,2.50,c,0.03,0.71,14.25,5.82,5.82,8.65,3080,-0.830353428819025,0.158445951156893,-0.5342359626705
49,NGC 6569,,273.41167,-31.82689,0.48090,-6.68091,10.9,3.1,10.8,0.1,-1.3,-0.76,4,0.53,17.52,16.83,8.55,-8.28,0.74,1.34,0.83,1.69,G1,0.00,-28.1,5.6,-20.3,,,1.31,,0.35,0.80,18.15,3.63,8.38,9.05,3080,-0.848139499337709,0.0505620822651707,-0.527354591807249
50,NGC 6558,,272.57333,-31.76389,0.19929,-6.02263,7.4,1.0,7.3,0.0,-0.8,-1.32,5,0.44,16.30,15.70,9.26,-6.44,0.58,1.11,0.71,1.46,F7,,-197.2,1.5,-189.4,3.1,0.9,2.50,c,0.03,2.15,16.48,5.35,5.71,9.12,3080,-0.849367253928901,0.0381734209779338,-0.52642003940211
51,Terzan 4,HP 4,262.66250,-31.59553,356.02402,1.30770,7.2,1.0,7.2,-0.5,0.2,-1.41,4,2.00,21.07,20.48,16.00,-4.48,,,,,,,-50.0,2.9,-42.3,,,0.90,,0.90,1.85,,,,8.70,3080,-0.844792761169584,-0.108782484926155,-0.52391942285886
52,Terzan 6,HP 5,267.69325,-31.27539,358.57130,-2.16180,6.8,1.3,6.8,-0.2,-0.3,-0.56,2,2.35,22.16,21.44,13.85,-7.59,,,,,,,126.0,15.0,133.9,,,2.50,c,0.05,0.44,20.76,5.83,6.46,8.22,3080,-0.85398932537353,-0.0344005255022239,-0.519152035528354
53,NGC 6809,M 55,294.99879,-30.96475,8.79256,-23.27165,5.4,3.9,4.9,0.8,-2.1,-1.94,4,0.08,14.40,13.89,6.32,-7.57,0.11,0.72,0.48,1.00,F4,0.02,174.7,0.3,181.8,4.0,0.3,0.93,,1.80,2.83,19.36,2.22,8.90,9.29,3080,-0.777152072981538,0.362372009950806,-0.514510623665549
54,Terzan 2,HP 3,261.88792,-30.80233,356.31938,2.29814,7.5,0.8,7.5,-0.5,0.3,-0.69,3,1.87,20.87,20.17,14.29,-5.88,,,,,,,109.0,15.0,116.9,,,2.50,c,0.03,1.52,22.16,4.86,5.46,8.82,3080,-0.850344431271882,-0.121204904549196,-0.512077844978789
55,NGC 6715,M 54,283.76387,-30.47986,5.60702,-14.08715,26.5,18.9,25.6,2.5,-6.5,-1.49,7,0.15,18.16,17.58,7.60,-9.98,0.24,0.85,0.53,1.10,F7/,0.06,141.3,0.3,149.2,10.5,0.3,2.04,,0.09,0.82,14.78,4.69,8.24,9.93,3080,-0.837060253235466,0.205042197320813,-0.50723547763463
56,Terzan 1,HP 2,263.94917,-30.46972,357.56887,0.99580,6.7,1.3,6.7,-0.3,0.1,-1.03,3,1.99,20.96,20.31,15.90,-4.41,,,,,,,114.0,14.0,122.0,,,2.50,c,0.04,3.82,25.09,3.85,4.99,9.12,3080,-0.857095415435451,-0.0908532531518654,-0.50708296681239
57,NGC 6624,,275.91879,-30.36103,2.78832,-7.91346,7.9,1.2,7.8,0.4,-1.1,-0.44,4,0.28,16.09,15.36,7.87,-7.49,0.60,1.11,0.67,1.42,G4/,0.06,53.9,0.6,62.1,5.4,0.5,2.50,c,0.06,0.82,15.32,5.30,6.61,8.71,3080,-0.858257819530049,0.0889768220309344,-0.505446970865194
58,Arp 2,,292.18379,-30.35564,8.54536,-20.78535,28.6,21.4,26.4,4.0,-10.2,-1.75,5,0.10,18.13,17.59,12.30,-5.29,,0.86,,,,,115.0,10.0,122.4,,,0.88,,1.19,1.77,24.26,-0.25,9.39,9.70,3080,-0.799030748995864,0.325814758230608,-0.50536581352347
59,NGC 6266,M 62,255.30333,-30.11372,353.57392,7.31816,6.8,1.7,6.7,-0.8,0.9,-1.18,3,0.47,16.25,15.63,6.45,-9.18,0.52,1.19,0.74,1.58,F9,0.01,-70.1,1.4,-62.3,14.3,0.4,1.71,c:,0.22,0.92,15.10,5.16,7.90,8.98,3080,-0.836729636165451,-0.219459882341278,-0.501717924739773
60,NGC 6528,,271.20683,-30.05628,1.13816,-4.17443,7.9,0.6,7.9,0.2,-0.6,-0.11,7,0.54,16.95,16.17,9.60,-6.57,1.09,1.53,0.90,1.74,G3,0.11,206.6,1.4,214.9,,,1.50,,0.13,0.38,16.73,4.77,7.28,8.06,3080,-0.865341875961941,0.0182295780809091,-0.500850397014578
61,NGC 6522,,270.89175,-30.03397,1.02450,-3.92536,7.7,0.6,7.7,0.1,-0.5,-1.34,4,0.48,16.52,15.92,8.27,-7.65,0.65,1.21,0.76,1.51,F7/,0.06,-21.1,3.4,-12.9,6.7,0.7,2.50,c,0.05,1.00,15.75,5.48,6.38,8.86,3080,-0.865623934249838,0.0134736360207505,-0.500513402004594
62,HP 1,BH 229,262.77167,-29.98167,357.42521,2.11503,8.2,0.5,8.2,-0.4,0.3,-1.00,4,1.12,18.70,18.05,11.59,-6.46,,,,,,,45.8,0.7,54.0,,,2.50,c,0.03,3.10,21.29,4.33,5.03,9.44,3080,-0.859301427786911,-0.108986756891156,-0.499722866222594
63,NGC 6304,,258.63437,-29.46203,355.82560,5.37555,5.9,2.3,5.8,-0.4,0.6,-0.45,4,0.54,16.25,15.52,8.22,-7.30,0.82,1.31,0.77,1.70,G3,0.02,-107.3,3.6,-99.3,,,1.80,,0.21,1.42,17.20,4.49,7.36,8.85,3080,-0.853607420412124,-0.171584562741547,-0.491846632240327
64,BH 261,AL 3,273.52750,-28.63500,3.36169,-5.27038,6.5,1.7,6.5,0.4,-0.6,-1.30,1,0.36,15.80,15.19,11.00,-4.19,,,,,,0.03,,,,,,1.00,,0.40,0.55,,,,7.80,3080,-0.87602750762351,0.0540021860275648,-0.479228097873222
65,1636-283,ESO452-SC11,249.85604,-28.39869,351.91086,12.09669,8.3,2.1,8.0,-1.1,1.7,-1.50,1,0.46,16.60,16.02,12.00,-4.02,,,,,,,,,,,,1.00,,0.50,0.50,20.75,2.50,8.07,7.87,3080,-0.825850920419555,-0.30293718075541,-0.47560416499242
66,NGC 6316,,259.15542,-28.14011,357.17535,5.76449,10.4,2.6,10.4,-0.5,1.0,-0.45,5,0.54,17.50,16.77,8.43,-8.34,0.62,1.39,0.85,1.80,G2,0.04,71.4,8.9,79.9,,,1.65,,0.17,0.65,17.44,4.23,7.71,8.89,3080,-0.866049026891136,-0.16590620918391,-0.471629317128549
67,Djorg 2,ESO456-SC38,270.45458,-27.82583,2.76356,-2.50847,6.3,1.8,6.2,0.3,-0.3,-0.65,1,0.94,17.60,16.90,9.90,-7.00,,,,,,,,,,,,1.50,,0.33,1.05,19.50,3.85,7.73,0.00,3080,-0.884342767933784,0.00701650137449707,-0.466785429840815
68,NGC 6540,Djorg 3,271.53583,-27.76528,3.28509,-3.31299,5.3,2.8,5.2,0.3,-0.3,-1.35,2,0.66,16.25,15.65,9.30,-6.35,,,,,,,-17.7,1.4,-8.8,,,2.50,,0.03,,16.40,5.85,5.40,0.00,3080,-0.884545571051659,0.0237162327024354,-0.465850483566669
69,AM 4,,209.09042,-27.16750,320.28352,33.50725,32.2,27.8,20.7,-17.2,17.8,-1.30,1,0.05,18.30,17.69,15.88,-1.81,,,,,,,,,,,,0.70,,0.41,0.43,24.75,-0.05,8.42,8.32,3080,-0.432550647882436,-0.777446108404564,-0.45659334811524
70,Terzan 9,,270.41167,-26.83972,3.60313,-1.98878,7.1,1.1,7.1,0.4,-0.2,-1.05,2,1.76,20.35,19.71,16.00,-3.71,,,,,,,59.0,10.0,68.1,,,2.50,c,0.03,0.78,23.21,4.42,4.99,8.00,3080,-0.892249987039023,0.00641087187934457,-0.451496247327273
71,NGC 4590,M 68,189.86658,-26.74406,299.62577,36.05083,10.3,10.2,4.1,-7.2,6.0,-2.23,5,0.05,15.68,15.21,7.84,-7.37,0.04,0.63,0.46,0.94,F2/,0.05,-94.7,0.2,-96.8,2.5,0.4,1.41,,0.58,1.51,18.81,2.57,8.45,9.27,3080,-0.153023983598727,-0.879817280806399,-0.45000579200496
72,NGC 288,,13.18850,-26.58261,151.28499,-89.38042,8.9,12.0,-0.1,0.0,-8.9,-1.32,3,0.03,15.44,14.84,8.09,-6.75,0.08,0.65,0.45,0.94,,,-45.4,0.2,-51.9,2.9,0.3,0.99,,1.35,2.23,20.05,1.78,8.99,9.32,3080,0.204037162461634,0.870702932736377,-0.447487697326838
73,NGC 6293,,257.54250,-26.58208,357.62015,7.83431,9.5,1.9,9.4,-0.4,1.3,-1.99,5,0.36,16.50,16.00,8.22,-7.78,0.29,0.96,0.63,1.28,F3,0.03,-146.2,1.7,-137.4,7.7,1.3,2.50,c,0.05,0.89,15.72,5.31,6.38,8.94,3080,-0.873239202322668,-0.192913008380655,-0.447479459555851
74,NGC 5694,,219.90121,-26.53894,331.05550,30.35985,35.0,29.4,26.4,-14.6,17.7,-1.98,5,0.09,18.50,18.00,10.17,-7.83,0.08,0.69,0.48,0.98,F4,0.04,-140.3,0.8,-136.2,5.8,0.8,1.89,,0.06,0.40,16.51,3.95,7.85,9.27,3080,-0.573875116289927,-0.686317524982864,-0.446806004664908
75,NGC 6121,M 4,245.89675,-26.52575,350.97292,15.97218,2.2,5.9,2.1,-0.3,0.6,-1.16,11,0.35,13.45,12.82,5.63,-7.19,0.43,1.03,0.69,1.42,F8,0.00,70.7,0.2,78.6,4.0,0.2,1.65,,1.16,4.33,17.95,3.64,7.90,8.93,3080,-0.816722812418663,-0.365393367688522,-0.446599971478045
76,NGC 6355,,260.99412,-26.35342,359.58492,5.42794,9.2,1.4,9.2,-0.1,0.9,-1.37,4,0.77,17.80,17.21,9.14,-8.07,0.72,1.48,0.93,1.83,G0,,-176.9,7.1,-167.9,,,2.50,c,0.05,0.88,17.64,5.04,6.27,8.96,3080,-0.885026443726382,-0.14026744489145,-0.443906789550079
77,NGC 6273,M 19,255.65750,-26.26797,356.86887,9.38233,8.8,1.7,8.7,-0.5,1.4,-1.74,4,0.38,16.44,15.90,6.77,-9.13,0.35,1.03,0.66,1.35,F7,0.27,135.0,4.1,143.8,,,1.53,,0.43,1.32,16.77,3.98,8.52,9.38,3080,-0.868784782471259,-0.222136898616115,-0.442569994486274
78,Pal 6,,265.92583,-26.22250,2.09213,1.78010,5.8,2.2,5.8,0.2,0.2,-0.91,3,1.46,19.00,18.34,11.55,-6.79,,2.83,,,,,181.0,2.8,190.2,,,1.10,,0.66,1.20,21.51,3.46,8.34,8.64,3080,-0.894817914460568,-0.0637358332151348,-0.441858171277631
79,Terzan 10,,270.90167,-26.07250,4.48744,-1.99288,5.8,2.3,5.8,0.5,-0.2,-1.00,1,2.40,21.90,21.25,14.90,-6.35,,,,,,,,,,,,0.75,,0.90,1.55,21.28,4.64,9.34,8.74,3080,-0.898127403694672,0.0141350446764548,-0.439508096904554
80,NGC 6144,,246.80775,-26.02350,351.92887,15.70060,8.9,2.7,8.5,-1.2,2.4,-1.76,4,0.36,16.40,15.86,9.01,-6.85,0.35,0.96,0.60,1.10,F5/,0.25,193.8,0.6,201.9,,,1.55,,0.94,1.63,20.05,2.31,8.78,9.14,3080,-0.825995917392973,-0.353890059337767,-0.438739752418279
81,NGC 6553,,272.32333,-25.90869,5.25288,-3.02972,6.0,2.2,5.9,0.5,-0.3,-0.18,6,0.63,16.60,15.83,8.06,-7.77,1.34,1.73,1.01,2.13,G4,0.17,-3.2,1.5,6.1,,,1.16,,0.53,1.03,18.17,3.84,8.24,8.72,3080,-0.898752075389104,0.0364642195723646,-0.436938288176667
82,NGC 6638,,277.73375,-25.49747,7.89650,-7.15299,9.4,2.2,9.3,1.3,-1.2,-0.95,4,0.41,16.80,16.14,9.02,-7.12,0.56,1.15,0.72,1.50,G0,0.01,18.1,3.9,27.5,,,1.33,,0.22,0.51,17.30,4.09,7.83,8.46,3080,-0.894394281638635,0.121463366751865,-0.430471276056153
83,NGC 6544,,271.83575,-24.99733,5.83814,-2.20353,3.0,5.1,2.9,0.3,-0.1,-1.40,4,0.76,15.30,14.71,7.77,-6.94,0.73,1.46,0.98,1.92,F9,0.22,-27.3,3.9,-17.7,,,1.63,c:,0.05,1.21,16.31,6.06,5.35,8.24,3080,-0.905862298373667,0.0290336564680284,-0.422576079750468
84,NGC 6626,M 28,276.13671,-24.86978,7.79811,-5.58038,5.5,2.7,5.4,0.7,-0.5,-1.32,2,0.40,15.55,14.95,6.79,-8.16,0.46,1.08,0.69,1.41,F8,0.16,17.0,1.0,26.6,8.6,1.3,1.67,,0.24,1.97,15.77,4.86,7.62,9.17,3080,-0.902067031193636,0.0969877335517692,-0.420557309737912
85,Terzan 5,Terzan 11,267.02000,-24.77917,3.83928,1.68692,6.9,1.2,6.9,0.5,0.2,-0.23,3,2.28,22.04,21.27,13.85,-7.42,2.13,2.77,,,,,-93.0,2.0,-83.5,,,1.62,,0.16,0.72,21.08,5.14,7.57,8.53,3080,-0.906702180610906,-0.0472008854943294,-0.419121977572137
86,NGC 6284,,256.11879,-24.76486,358.34643,9.93994,15.3,7.5,15.0,-0.4,2.6,-1.26,2,0.28,17.40,16.79,8.83,-7.96,0.40,0.99,0.65,1.31,F9,0.03,27.5,1.7,36.7,6.3,0.9,2.50,c,0.07,0.66,16.35,4.55,7.24,9.09,3080,-0.881515602581411,-0.217846258544985,-0.418895273360161
87,NGC 1904,M 79,81.04621,-24.52472,227.23035,-29.34987,12.9,18.8,-7.7,-8.3,-6.3,-1.60,6,0.01,16.15,15.59,7.73,-7.86,0.06,0.65,0.44,0.91,F5,0.01,205.8,0.4,189.0,5.3,0.4,1.70,c:,0.16,0.65,16.02,4.08,7.83,8.95,3080,0.898695811500016,0.141596559180192,-0.415085837894595
88,UKS 1,,268.61333,-24.14528,5.12539,0.76396,7.8,0.7,7.8,0.7,0.1,-0.64,2,3.14,24.90,24.20,17.29,-6.91,,,,,,,57.0,6.0,66.7,,,2.10,,0.15,,25.52,4.41,7.26,0.00,3080,-0.912243980161878,-0.0220823483024803,-0.409051696673981
89,NGC 6401,,264.65250,-23.90950,3.45063,3.97996,10.6,2.7,10.5,0.6,0.7,-1.02,5,0.72,18.00,17.35,9.45,-7.90,0.93,1.58,1.02,2.01,F9,0.15,-65.0,8.6,-55.3,,,1.69,,0.25,1.91,18.70,3.79,7.97,9.53,3080,-0.910208023793906,-0.0851985889827483,-0.405293170256471
90,NGC 6656,M 22,279.09975,-23.90475,9.89225,-7.55164,3.2,4.9,3.2,0.6,-0.4,-1.70,8,0.34,14.15,13.60,5.10,-8.50,0.28,0.98,0.68,1.42,F5,0.14,-146.3,0.2,-136.6,7.8,0.3,1.38,,1.33,3.36,17.42,3.63,8.53,9.23,3080,-0.902714441292216,0.144587387073715,-0.405217379910682
91,NGC 6325,,259.49671,-23.76600,0.97305,8.00359,7.8,1.1,7.7,0.1,1.1,-1.25,4,0.91,17.90,17.29,10.33,-6.96,0.85,1.66,,2.15,G0,0.12,29.8,1.8,39.3,5.9,1.3,2.50,c,0.03,0.63,17.56,5.52,5.73,8.45,3080,-0.899864300722449,-0.166833464111594,-0.403002277335778
92,NGC 6642,,277.97542,-23.47519,9.81466,-6.43870,8.1,1.7,8.0,1.4,-0.9,-1.26,5,0.40,16.40,15.79,9.13,-6.66,0.57,1.11,0.72,1.45,F8,0.03,-57.2,5.4,-47.3,,,1.99,c:,0.10,0.73,16.82,4.64,6.95,8.52,3080,-0.908360865177818,0.127264378720557,-0.398352000776043
93,NGC 7099,M 30,325.09217,-23.17986,27.17914,-46.83551,8.1,7.1,4.9,2.5,-5.9,-2.27,4,0.03,15.10,14.64,7.19,-7.45,0.03,0.60,0.41,0.86,F3,0.01,-184.2,0.2,-179.6,5.5,0.4,2.50,c,0.06,1.03,15.35,5.01,6.37,8.88,3080,-0.526061754469826,0.75387217501023,-0.393618818439203
94,NGC 6093,M 80,244.26004,-22.97608,352.67323,19.46303,10.0,3.8,9.4,-1.2,3.3,-1.75,6,0.18,16.10,15.56,7.33,-8.23,0.21,0.84,0.56,1.11,F6,0.00,8.1,1.5,16.7,12.4,0.6,1.68,,0.15,0.61,15.11,4.79,7.78,8.80,3080,-0.829314020962933,-0.399834451923303,-0.390346853054413
95,Terzan 12,,273.06583,-22.74194,8.35811,-2.10077,4.8,3.4,4.7,0.7,-0.2,-0.50,1,2.06,20.50,19.77,15.63,-4.14,,,,,,,94.1,1.5,104.2,,,0.57,,0.83,0.75,23.75,3.40,8.46,7.78,3080,-0.920935346444558,0.0493253094760701,-0.386581300005745
96,NGC 6287,,256.28804,-22.70836,0.13086,11.02370,9.4,2.1,9.2,0.0,1.8,-2.10,2,0.60,17.20,16.72,9.35,-7.36,0.52,1.20,0.83,1.74,F5,0.13,-288.7,3.5,-279.1,,,1.38,,0.29,0.74,18.32,3.78,8.06,8.75,3080,-0.896190728062731,-0.218665921680188,-0.38604066318219
97,NGC 6717,Pal 9,283.77517,-22.70147,12.87597,-10.90019,7.1,2.4,6.8,1.6,-1.3,-1.26,3,0.22,15.55,14.94,9.28,-5.66,0.35,1.00,0.65,1.37,F6,0.01,22.8,3.4,32.7,,,2.07,,0.08,0.68,16.77,4.58,6.52,8.22,3080,-0.895994025560177,0.219665510774361,-0.385929746892757
98,NGC 6235,,253.35546,-22.17744,358.91768,13.51832,11.5,4.2,11.2,-0.2,2.7,-1.28,4,0.31,16.87,16.26,9.97,-6.29,0.44,1.05,0.66,1.36,F9,0.13,87.3,3.4,96.8,,,1.53,,0.33,1.00,19.12,2.97,8.08,8.89,3080,-0.887219227286022,-0.265242733010295,-0.377476271200223
99,NGC 6864,M 75,301.51954,-21.92117,20.30398,-25.74703,20.9,14.7,17.6,6.5,-9.1,-1.29,3,0.16,17.70,17.09,8.52,-8.57,0.28,0.87,0.55,1.16,F9,0.07,-189.3,3.6,-180.8,10.3,1.5,1.80,,0.09,0.46,15.52,4.51,7.89,9.15,3080,-0.79082754678728,0.484990834640308,-0.373330525884651
100,Pal 12,,326.66183,-21.25261,30.51012,-47.68167,19.0,15.8,11.0,6.5,-14.1,-0.85,6,0.02,17.13,16.46,11.99,-4.47,0.34,1.07,,,,,27.8,1.5,32.5,,,2.98,,0.02,1.72,19.21,3.64,5.22,9.28,3080,-0.512203299646619,0.778624208712272,-0.362480511804846
101,Eridanus,,66.18542,-21.18694,218.10617,-41.33224,90.1,95.0,-53.2,-41.7,-59.5,-1.43,4,0.02,20.42,19.83,14.70,-5.13,,0.79,,,,,-23.6,2.1,-39.1,,,1.10,,0.25,0.46,22.81,0.38,9.18,9.54,3080,0.853018248565092,0.376485255772343,-0.361412119056592
102,NGC 5897,,229.35208,-21.01028,342.94626,30.29395,12.5,7.4,10.3,-3.2,6.3,-1.90,3,0.09,16.27,15.76,8.53,-7.23,0.08,0.74,0.50,1.04,F7,0.08,101.5,1.0,108.4,,,0.86,,1.40,2.06,20.53,1.53,9.33,9.57,3080,-0.708283701036784,-0.608100779714646,-0.358535410463282
103,2MS-GC02,2MASS-GC02,272.40208,-20.77889,9.78209,-0.61515,4.9,3.2,4.9,0.8,-0.1,-1.08,1,5.16,30.10,29.46,24.60,-4.86,,,,,,,-238.0,36.0,-227.4,,,0.95,,0.55,0.55,,,,7.72,3080,-0.934134915191595,0.0391858788400346,-0.354762493958319
104,NGC 6440,,267.21958,-20.36025,7.72860,3.80124,8.5,1.3,8.4,1.1,0.6,-0.36,6,1.07,18.70,17.95,9.20,-8.75,1.47,1.97,1.24,2.51,G4,0.01,-76.6,2.7,-65.9,,,1.62,,0.14,0.48,17.06,5.24,7.60,8.62,3080,-0.936419916465623,-0.0454777519960462,-0.347921706882313
105,2MS-GC01,2MASS-GC01,272.09087,-19.82972,10.47099,0.10007,3.6,4.5,3.5,0.7,0.0,,0,6.80,34.50,33.85,27.74,-6.11,,,,,,,,,,,,0.85,,0.85,1.65,,,,8.43,3080,-0.940078616549,0.0343211994344227,-0.33922595710927
106,Pal 8,,280.37458,-19.82583,14.10464,-6.79707,12.8,5.5,12.3,3.1,-1.5,-0.37,3,0.32,17.27,16.53,11.02,-5.51,0.72,1.22,,,,,-43.0,15.0,-32.3,,,1.53,,0.56,0.58,20.00,2.34,8.65,8.47,3080,-0.925348409432759,0.169408932311169,-0.33916210698345
107,NGC 6342,,260.29200,-19.58742,4.89864,9.72506,8.5,1.7,8.4,0.7,1.4,-0.55,5,0.46,16.80,16.08,9.66,-6.42,0.77,1.26,0.80,1.57,G3/,0.18,115.7,1.4,126.3,5.2,2.1,2.50,c,0.05,0.73,16.97,4.97,6.16,8.51,3080,-0.928639722488569,-0.158868748979428,-0.335244666496076
108,NGC 6333,M 9,259.79692,-18.51594,5.54352,10.70702,7.9,1.7,7.7,0.7,1.5,-1.77,2,0.38,16.20,15.67,7.72,-7.95,0.32,0.97,0.63,1.33,F5/,0.04,229.1,7.0,239.8,,,1.25,,0.45,0.96,17.39,3.78,8.36,8.90,3080,-0.933239997565965,-0.167968226914001,-0.317568546443826
109,NGC 6356,,260.89554,-17.81303,6.72353,10.21993,15.1,7.5,14.7,1.7,2.7,-0.40,5,0.28,17.50,16.76,8.25,-8.51,0.63,1.13,0.69,1.45,G3,0.03,27.0,4.3,38.0,,,1.59,,0.24,0.81,17.02,3.78,8.37,9.30,3080,-0.940065330924958,-0.150649096669122,-0.305911790007718
110,GLIMPSE02,,274.62708,-16.97722,14.12768,-0.64521,5.5,3.0,5.4,1.4,-0.1,-0.33,1,7.85,38.80,38.05,,,,,,,,,,,,,,1.33,,0.70,,,,,,3080,-0.953303800019006,0.0771545572486542,-0.291991505296109
111,NGC 7492,,347.11096,-15.61150,53.38602,-63.47749,26.3,25.3,7.0,9.4,-23.5,-1.78,5,0.00,17.63,17.10,11.29,-5.81,0.23,0.42,,,,0.24,-177.5,0.6,-176.2,1.2,1.0,0.72,,0.86,1.15,20.68,1.27,9.60,9.44,3080,-0.21483454238159,0.93884196771297,-0.269113134314422
112,NGC 6171,M 107,248.13275,-13.05378,3.37330,23.01056,6.4,3.3,5.9,0.3,2.5,-1.02,4,0.33,15.70,15.05,7.93,-7.12,0.69,1.10,0.72,1.45,G0,0.02,-34.1,0.3,-23.0,4.1,0.3,1.53,,0.56,1.73,18.94,3.08,8.06,9.00,3080,-0.904067111344168,-0.362832516328411,-0.225865498207684
113,NGC 6981,M 72,313.36542,-12.53731,35.16232,-32.68313,17.0,12.9,11.7,8.3,-9.2,-1.42,4,0.05,16.90,16.31,9.27,-7.04,0.14,0.72,0.45,0.94,F7,0.02,-345.0,3.7,-336.2,,,1.21,,0.46,0.93,19.02,2.38,8.72,9.23,3080,-0.709654110232944,0.670275603320968,-0.217075239081294
114,NGC 6517,,270.46050,-8.95878,19.22506,6.76271,10.6,4.2,10.0,3.5,1.3,-1.23,4,1.08,19.10,18.48,10.23,-8.25,0.85,1.75,,2.31,F8,0.06,-39.6,8.0,-26.5,,,1.82,,0.06,0.50,17.56,5.29,6.92,8.72,3080,-0.987768729411511,0.0079391064823402,-0.155723818939275
115,NGC 6712,,283.26792,-8.70611,25.35394,-4.31798,6.9,3.5,6.3,3.0,-0.5,-1.02,4,0.45,16.25,15.60,8.10,-7.50,0.53,1.17,0.72,1.57,F9,0.11,-107.6,0.5,-94.7,4.3,0.4,1.05,,0.76,1.33,18.74,3.18,8.60,8.95,3080,-0.9620928439177,0.226860348444049,-0.151366251146672
116,Pal 11,,296.31000,-8.00722,31.80510,-15.57595,13.4,8.2,11.0,6.8,-3.6,-0.40,4,0.35,17.46,16.72,9.80,-6.92,,1.27,,,,,-68.0,10.0,-56.0,,,0.57,,1.19,1.46,19.72,2.29,9.61,9.34,3080,-0.887669561872596,0.438906410426831,-0.139297924647667
117,NGC 6539,,271.20700,-7.58586,20.79498,6.77594,7.8,3.0,7.2,2.8,0.9,-0.63,5,1.02,18.33,17.62,9.33,-8.29,1.01,1.83,,2.23,G4,0.08,31.0,1.7,44.4,,,1.74,,0.38,1.70,18.58,4.15,8.31,9.32,3080,-0.991028206302427,0.0208802119949603,-0.132011783792357
118,IC 1276,Pal 7,272.68417,-7.20761,21.83193,5.66855,5.4,3.7,5.0,2.0,0.5,-0.75,1,1.08,17.70,17.01,10.34,-6.67,1.03,1.76,,,,,155.7,1.3,169.2,,,1.33,,1.01,2.38,21.60,2.78,8.46,9.03,3080,-0.991009567419427,0.0464603600690841,-0.125465023912688
119,IC 1257,,261.78542,-7.09306,16.52777,15.14498,25.0,17.9,23.2,6.9,6.5,-1.70,1,0.73,19.80,19.25,13.10,-6.15,,1.38,,1.83,,,-140.2,2.1,-127.0,,,1.55,,0.25,1.40,,,,9.60,3080,-0.982165328908254,-0.141787374161396,-0.123481201884972
120,NGC 5634,,217.40512,-5.97642,342.20945,49.26042,25.2,21.2,15.7,-5.0,19.1,-1.88,2,0.05,17.68,17.16,9.47,-7.69,0.09,0.67,0.44,0.96,F3/,0.02,-45.1,6.6,-37.5,,,2.07,,0.09,0.86,17.20,3.63,7.67,9.54,3080,-0.604145322532709,-0.790042810079319,-0.104119102492398
121,NGC 6366,,261.93433,-5.07986,18.40855,16.03558,3.5,5.0,3.2,1.1,1.0,-0.59,3,0.71,15.65,14.94,9.20,-5.74,0.97,1.44,,,,0.16,-122.2,0.5,-108.6,1.3,0.5,0.74,,2.17,2.92,21.25,2.39,8.74,8.73,3080,-0.986219015148303,-0.139756860479984,-0.0885441929698967
122,NGC 6254,M 10,254.28771,-4.10031,15.13705,23.07598,4.4,4.6,3.9,1.1,1.7,-1.56,4,0.28,14.65,14.08,6.60,-7.48,0.23,0.90,0.53,1.21,F3,0.00,75.2,0.7,88.5,6.6,0.8,1.38,,0.77,1.95,17.70,3.54,8.21,8.90,3080,-0.960169716740556,-0.270113809043518,-0.0715027637113551
124,NGC 6402,M 14,264.40042,-3.24592,21.32375,14.80462,9.3,4.0,8.3,3.3,2.4,-1.28,1,0.60,17.30,16.69,7.59,-9.10,0.57,1.25,0.81,1.64,F4,0.11,-66.1,1.8,-52.1,,,0.99,,0.79,1.30,18.41,3.36,9.06,9.39,3080,-0.993631473485984,-0.0974191223834124,-0.0566216344882228
125,NGC 6218,M 12,251.80908,-1.94853,15.71519,26.31328,4.8,4.5,4.2,1.2,2.1,-1.37,5,0.19,14.60,14.01,6.70,-7.31,0.20,0.83,0.56,1.14,F8,0.04,-41.4,0.2,-27.9,4.5,0.4,1.34,,0.79,1.77,18.10,3.23,8.19,8.87,3080,-0.949472230067224,-0.31200379925416,-0.0340016702845958
126,GLIMPSE01,,282.20708,-1.49722,31.30196,-0.10222,4.2,4.9,3.6,2.2,0.0,,0,4.85,28.80,28.15,22.24,-5.91,,,,,,,,,,,,1.37,,0.59,0.65,,,,7.89,3080,-0.97705607346743,0.211373441215434,-0.0261284834835996
127,NGC 7089,M 2,323.36258,-0.82325,53.37087,-35.76976,11.5,10.4,5.6,7.5,-6.7,-1.65,5,0.06,16.05,15.50,6.47,-9.03,0.09,0.66,0.46,0.92,F4,0.11,-5.3,2.0,3.8,8.2,0.6,1.59,,0.32,1.06,15.78,4.00,8.48,9.40,3080,-0.596687424168201,0.80234511306863,-0.0143679286748693
128,Pal 15,,254.96250,-0.53889,18.84867,24.33704,45.1,38.4,38.9,13.3,18.6,-2.07,4,0.40,20.00,19.51,14.00,-5.51,,,,,,,68.9,1.1,82.9,,,0.60,,1.20,1.10,24.87,-0.25,9.99,9.72,3080,-0.965713507047719,-0.259439710990605,-0.00940524676479945
129,NGC 6535,,270.96046,-0.29764,27.17552,10.43577,6.8,3.9,6.0,3.1,1.2,-1.79,3,0.34,15.75,15.22,10.47,-4.75,0.29,0.94,,,G0,0.08,-215.1,0.5,-200.4,2.4,0.5,1.33,,0.36,0.85,21.26,2.34,7.28,8.20,3080,-0.99984601058402,0.016762148941267,-0.00519475524836838
130,Pal 5,,229.02187,-0.11161,0.85162,45.86000,23.2,18.6,16.2,0.2,16.7,-1.41,2,0.03,17.51,16.92,11.75,-5.17,,,,,,,-58.7,0.2,-48.0,1.1,0.2,0.52,,2.29,2.73,24.64,-0.58,9.81,9.82,3080,-0.754958570099263,-0.655769595823968,-0.00194798011932729
131,Pal 3,,151.38292,0.07167,240.14143,41.86461,92.5,95.7,-34.3,-59.7,61.7,-1.63,5,0.04,20.51,19.95,14.26,-5.69,,,,,,,83.4,8.4,75.9,,,0.99,,0.41,0.65,23.26,0.01,9.65,9.88,3080,0.478953241702062,-0.877839522757344,0.0012508190292789
132,NGC 6760,,287.80004,1.03047,36.10771,-3.92410,7.4,4.8,5.9,4.3,-0.5,-0.40,3,0.77,17.46,16.72,8.88,-7.84,1.09,1.66,1.01,2.12,G5,0.04,-27.5,6.3,-13.2,,,1.65,,0.34,1.27,18.66,3.89,7.96,9.01,3080,-0.951975184330148,0.305646557779364,0.0179841635114676
133,NGC 6749,,286.31375,1.90083,36.20079,-2.20466,7.9,5.0,6.4,4.7,-0.3,-1.60,1,1.50,19.70,19.14,12.44,-6.70,0.80,2.14,,,,,-61.7,2.9,-47.2,,,0.79,,0.62,1.10,21.88,3.30,8.59,8.78,3080,-0.959209797653165,0.280742469373934,0.0331697147410216
134,NGC 5904,M 5,229.63842,2.08103,3.85872,46.79637,7.5,6.2,5.1,0.3,5.5,-1.29,11,0.03,15.07,14.46,5.65,-8.81,0.17,0.72,0.45,0.95,F7,0.14,53.2,0.4,64.3,5.5,0.4,1.73,,0.44,1.77,16.09,3.88,8.28,9.41,3080,-0.761470157251437,-0.647182030089676,0.0363128013857077
135,NGC 6426,,266.22771,3.17014,28.08682,16.23387,20.6,14.4,17.4,9.3,5.8,-2.15,3,0.36,18.16,17.68,11.01,-6.67,0.35,1.02,,1.28,G1,0.15,-162.0,23.0,-146.9,,,1.70,,0.26,0.92,20.09,2.47,8.31,9.28,3080,-0.996306438611539,-0.065690675188023,0.0553011353819576
136,NGC 6934,,308.54737,7.40447,52.10325,-18.89295,15.6,12.8,9.1,11.7,-5.1,-1.47,2,0.10,16.86,16.28,8.83,-7.45,0.20,0.77,0.49,0.99,F7/,0.01,-411.4,1.6,-398.5,5.1,1.1,1.53,,0.22,0.69,17.35,3.44,8.20,9.04,3080,-0.775571371513051,0.617965045364074,0.12887300104189
137,NGC 7078,M 15,322.49304,12.16700,65.01263,-27.31262,10.4,10.4,3.9,8.3,-4.8,-2.37,11,0.10,15.83,15.39,6.20,-9.19,0.06,0.68,,0.85,F3/,0.05,-107.0,0.2,-96.0,13.5,0.9,2.29,c,0.14,1.00,14.21,5.05,7.84,9.32,3080,-0.595181273608699,0.775460321916885,0.210761810293251
138,Ko 1,,179.82708,12.26000,260.97688,70.75496,48.3,49.3,-2.5,-15.7,45.6,,0,0.01,19.10,18.45,17.10,-1.35,,,,,,,,,,,,0.50,,0.33,0.26,,,,8.62,3080,0.00294913321119934,-0.97718960939489,0.212348227927536
139,Pal 13,,346.68517,12.77200,87.10360,-42.69984,26.0,26.9,1.0,19.1,-17.6,-1.88,2,0.05,17.75,17.23,13.47,-3.76,-0.11,0.76,,,,,25.2,0.3,30.9,0.9,0.3,0.66,,0.48,0.36,24.31,0.16,8.36,8.35,3080,-0.224603438550918,0.949041885332494,0.221071923309246
140,Pal 14,AvdB,242.75250,14.95778,28.74555,42.19152,76.5,71.6,49.7,27.3,51.4,-1.62,4,0.04,20.10,19.54,14.74,-4.80,,,,,,,72.3,0.2,87.0,0.4,0.1,0.80,,0.82,1.22,25.25,-0.97,9.85,10.02,3080,-0.858913245092826,-0.442321972379145,0.258107167964655
141,NGC 7006,,315.37242,16.18733,63.76945,-19.40702,41.2,38.5,17.2,34.8,-13.7,-1.52,6,0.05,18.80,18.23,10.56,-7.67,0.06,0.75,,0.98,F6,0.01,-384.1,0.4,-371.3,,,1.41,,0.17,0.44,18.62,2.58,8.66,9.42,3080,-0.674645549915057,0.683473307029366,0.278778802203743
142,NGC 5053,,199.11288,17.70025,335.69872,78.94614,17.4,17.8,3.0,-1.4,17.1,-2.27,4,0.01,16.69,16.23,9.47,-6.76,0.03,0.65,,0.90,,0.21,44.0,0.4,50.9,1.4,0.2,0.74,,2.08,2.61,22.03,0.54,9.81,9.87,3080,-0.311929734753332,-0.90014510543275,0.304037217692472
143,NGC 5024,M 53,198.23021,18.16817,332.96298,79.76419,17.9,18.4,2.8,-1.4,17.6,-2.10,2,0.02,16.81,16.32,7.61,-8.71,0.09,0.64,0.45,0.86,F6,0.01,-62.9,0.3,-56.2,4.4,0.9,1.72,,0.35,1.31,17.38,3.07,8.73,9.76,3080,-0.297239444658816,-0.9024550205399,0.311807069261182
144,NGC 4147,,182.52625,18.54264,252.84823,77.18948,19.3,21.4,-1.3,-4.1,18.8,-1.80,4,0.02,17.02,16.49,10.32,-6.17,0.11,0.59,0.42,0.79,F2/,0.08,183.2,0.7,186.1,2.6,0.7,1.83,,0.09,0.48,17.38,3.63,7.41,8.74,3080,-0.041788932749036,-0.947165842848222,0.318010300527063
145,Pal 10,,289.50875,18.57167,52.43635,2.72487,5.9,6.4,3.6,4.7,0.3,-0.10,1,1.66,19.80,19.01,13.22,-5.79,,,,,,,-31.7,0.4,-15.6,,,0.58,,0.81,0.99,22.03,3.51,8.69,8.37,3080,-0.893506065883126,0.316560665048142,0.318490589459621
146,NGC 6838,M 71,298.44371,18.77919,56.74587,-4.56443,4.0,6.7,2.2,3.4,-0.3,-0.78,11,0.25,14.48,13.80,8.19,-5.61,0.63,1.09,0.63,1.36,G1,0.00,-22.8,0.2,-7.5,2.3,0.2,1.15,,0.63,1.67,19.75,2.83,7.54,8.43,3080,-0.832477795451799,0.450940125237492,0.321921921481758
147,Ko 2,,119.57083,26.25500,195.11202,25.54543,34.7,41.9,-30.2,-8.2,15.0,,0,0.08,18.60,17.95,17.60,-0.35,,,,,,,,,,,,0.50,,0.25,0.21,,,,7.70,3080,0.780018140218376,-0.442586915373009,0.442366955446347
148,NGC 5272,M 3,205.54842,28.37728,42.21695,78.70685,10.2,12.0,1.5,1.3,10.0,-1.50,7,0.01,15.64,15.07,6.19,-8.88,0.09,0.69,,0.93,F6,0.04,-147.6,0.2,-138.3,5.5,0.3,1.89,,0.37,2.31,16.64,3.57,8.31,9.79,3080,-0.379450572885862,-0.793807678391995,0.475275322799851
149,NGC 5466,,211.36371,28.53444,42.15022,73.59225,16.0,16.3,3.3,3.0,15.3,-1.98,3,0.00,16.52,16.02,9.04,-6.98,,0.67,,0.82,,0.11,110.7,0.2,121.2,1.7,0.2,1.04,,1.43,2.30,21.61,0.84,9.35,9.76,3080,-0.457247578079087,-0.750159843288871,0.477686991509739
150,Pal 4,,172.32000,28.97358,202.31067,71.80261,108.7,111.2,-31.4,-12.9,103.2,-1.41,5,0.01,20.80,20.21,14.20,-6.01,,,,,,,74.5,2.1,76.6,,,0.93,,0.33,0.51,23.01,0.11,9.72,9.42,3080,0.116914263627394,-0.866995717188018,0.484406318433295
151,NGC 6779,M 56,289.14821,30.18347,62.65940,8.33638,9.4,9.2,4.3,8.3,1.4,-1.98,2,0.26,16.18,15.68,8.27,-7.41,0.15,0.86,,1.16,F5,0.03,-135.6,0.9,-119.1,4.0,0.6,1.38,,0.44,1.10,18.08,3.28,8.33,9.01,3080,-0.816594334576295,0.283540831372556,0.502770613383935
152,Pal 2,,71.52463,31.38150,170.53021,-9.07221,27.2,35.0,-26.4,4.4,-4.3,-1.42,1,1.24,21.60,21.01,13.04,-7.97,1.83,2.08,,2.65,,0.05,-133.0,57.0,-140.1,,,1.53,,0.17,0.50,19.06,4.06,8.82,9.28,3080,0.809718252995251,0.270541025793352,0.520734005159063
153,NGC 6205,M 13,250.42183,36.45986,59.00736,40.91292,7.1,8.4,2.8,4.6,4.7,-1.53,13,0.02,14.90,14.33,5.78,-8.55,-0.02,0.68,,0.86,F6,0.11,-244.2,0.2,-228.0,7.1,0.4,1.53,,0.62,1.69,16.59,3.55,8.51,9.30,3080,-0.757774476088978,-0.269506023815798,0.594259494257411
154,NGC 2419,,114.53529,38.88244,180.36903,25.24162,82.6,89.9,-74.7,-0.5,35.2,-2.15,2,0.08,20.31,19.83,10.41,-9.42,0.07,0.66,,1.05,F5,0.03,-20.2,0.5,-25.2,4.0,0.6,1.37,,0.32,0.89,19.67,1.62,9.87,10.63,3080,0.708147204018941,-0.323248199238581,0.627724572666365
155,NGC 6341,M 92,259.28079,43.13594,68.33839,34.85891,8.3,9.6,2.5,6.3,4.7,-2.31,8,0.02,15.10,14.65,6.44,-8.21,0.01,0.63,,0.88,F2,0.10,-120.0,0.1,-103.5,6.0,0.4,1.68,,0.26,1.02,15.47,4.30,7.96,9.02,3080,-0.716999995275333,-0.135727526599163,0.683731705640777
156,NGC 6229,,251.74496,47.52775,73.63859,40.30651,30.5,29.8,6.5,22.3,19.7,-1.47,2,0.01,18.03,17.45,9.39,-8.06,-0.03,0.70,,1.01,F7,0.05,-154.2,7.6,-138.4,,,1.50,,0.12,0.36,16.77,3.54,8.30,9.15,3080,-0.641249622067251,-0.211514976998971,0.73760445816422
157,Pal 1,,53.33350,79.58106,130.06483,19.02806,11.1,17.2,-6.8,8.1,3.6,-0.65,2,0.15,16.40,15.70,13.18,-2.52,,0.96,,,,0.22,-82.8,3.3,-76.2,,,2.57,,0.01,0.46,20.93,3.51,4.06,7.76,3080,0.145059758546711,0.107992333165305,0.983511729684951
